Date,Drawdown
2016-11-10,0.0
2016-11-14,-0.09825811227309504
2016-11-15,-0.0901367977161102
2016-11-16,-0.09628126087371797
2016-11-17,-0.10445607831707793
2016-11-18,-0.11236368748372923
2016-11-21,-0.117760232801031
2016-11-22,-0.11182947503375666
2016-11-23,-0.12465271585066712
2016-11-25,-0.12032479953675577
2016-11-28,-0.11423383926552348
2016-11-29,-0.10979912074800435
2016-11-30,-0.12342378229159615
2016-12-01,-0.12230175245355329
2016-12-02,-0.1048834890977452
2016-12-05,-0.10108998933725138
2016-12-06,-0.10557810815512111
2016-12-07,-0.08083995096900964
2016-12-08,-0.09035050310644406
2016-12-09,-0.09718958532142774
2016-12-12,-0.08548837434256014
2016-12-13,-0.09644156542939895
2016-12-14,-0.08356482172611314
2016-12-15,-0.1506197558371398
2016-12-16,-0.13694164216588275
2016-12-19,-0.14372732354621345
2016-12-20,-0.14223118224473563
2016-12-21,-0.1494977259990966
2016-12-22,-0.15500107298570368
2016-12-23,-0.16093177999426758
2016-12-27,-0.14891001066274867
2016-12-28,-0.1457576265389535
2016-12-29,-0.1364073276641876
2016-12-30,-0.1485360007167345
2017-01-03,-0.12609525274834915
2017-01-04,-0.11845474980668412
2017-01-05,-0.11391323015416173
2017-01-06,-0.12021799786745026
2017-01-09,-0.11145546508774226
2017-01-10,-0.1022120186409921
2017-01-11,-0.1032805455926595
2017-01-12,-0.10344085014834026
2017-01-13,-0.10664673715851111
2017-01-17,-0.08623639423458829
2017-01-18,-0.07913010374289584
2017-01-19,-0.09344948639558637
2017-01-20,-0.09184654289050088
2017-01-23,-0.08367172544714081
2017-01-24,-0.08372512628179347
2017-01-25,-0.09467831790293453
2017-01-26,-0.10162430330464406
2017-01-27,-0.08634319590389358
2017-01-30,-0.08516776523119786
2017-01-31,-0.06433001152660808
2017-02-01,-0.06924554112514465
2017-02-02,-0.07020726640750687
2017-02-03,-0.06748239565040337
2017-02-06,-0.0560482903622198
2017-02-07,-0.05252189682671238
2017-02-08,-0.05519336728346548
2017-02-09,-0.05321651588408852
2017-02-10,-0.04295784126860069
2017-02-13,-0.048728295014496194
2017-02-14,-0.045095099275381106
2017-02-15,-0.041087792072831066
2017-02-16,-0.03488992754626851
2017-02-17,-0.03724089094338267
2017-02-21,-0.03879033156209258
2017-02-22,-0.0413549998152379
2017-02-23,-0.03221835557209519
2017-02-24,-0.02035694208926952
2017-02-27,-0.019341713920532074
2017-02-28,-0.015815319850722178
2017-03-01,-0.014586386825953571
2017-03-02,-0.05401793661076975
2017-03-03,-0.05444534739143669
2017-03-06,-0.05294930760737943
2017-03-07,-0.06539853847827572
2017-03-08,-0.07795467307019989
2017-03-09,-0.09206024828083408
2017-03-10,-0.09793760521345556
2017-03-13,-0.09515923103567456
2017-03-14,-0.0976703969367468
2017-03-15,-0.0976703969367468
2017-03-16,-0.07587091794979481
2017-03-17,-0.07143619996657806
2017-03-20,-0.07015386557285422
2017-03-21,-0.06229965724085567
2017-03-22,-0.06256676346584185
2017-03-23,-0.061605038183479746
2017-03-24,-0.05321651588408863
2017-03-27,-0.033981603632861644
2017-03-28,-0.026234196970168516
2017-03-29,-0.026073892414487754
2017-03-30,-0.028371454442646788
2017-03-31,-0.025699882468473576
2017-04-03,-0.02805084586558752
2017-04-04,-0.022120087564011244
2017-04-05,-0.029386580559661868
2017-04-06,-0.026234196970168624
2017-04-07,-0.03131013317610876
2017-04-10,-0.043919668602685806
2017-04-11,-0.025806786189501683
2017-04-12,-0.023349021123082327
2017-04-13,-0.012128621759534757
2017-04-17,-0.011914916369201231
2017-04-18,-0.02484506090713991
2017-04-19,-0.030989524064747344
2017-04-20,-0.03868342784106513
2017-04-21,-0.04733915895146759
2017-04-24,-0.046377433669105385
2017-04-25,-0.06064331343542023
2017-04-26,-0.07282533602960742
2017-04-27,-0.07752726228953316
2017-04-28,-0.08148106714000979
2017-05-01,-0.10344085014834026
2017-05-02,-0.10402866753641088
2017-05-03,-0.11909596802940717
2017-05-04,-0.1320795134019985
2017-05-05,-0.13362895402070843
2017-05-08,-0.1344838776337651
2017-05-09,-0.14468904882857545
2017-05-10,-0.13704854588691043
2017-05-11,-0.13394956313207004
2017-05-12,-0.1266295672500443
2017-05-15,-0.11514206166151034
2017-05-16,-0.10808927405619324
2017-05-17,-0.099593949553194
2017-05-18,-0.11193627670306208
2017-05-19,-0.10504379365342585
2017-05-22,-0.08404573539315521
2017-05-23,-0.0868241095709362
2017-05-24,-0.087572129462965
2017-05-25,-0.08356482172611282
2017-05-26,-0.07656543495544837
2017-05-30,-0.07095528629953587
2017-05-31,-0.07202391530292608
2017-06-01,-0.0787026929622289
2017-06-02,-0.06566574675498502
2017-06-05,-0.06245985974481439
2017-06-06,-0.0555139758605254
2017-06-07,-0.06032270432405881
2017-06-08,-0.07116899168986962
2017-06-09,-0.08137416341898221
2017-06-12,-0.09628126087371819
2017-06-13,-0.10568490982442665
2017-06-14,-0.08596918595787985
2017-06-15,-0.10819617777722135
2017-06-16,-0.11113485597638095
2017-06-19,-0.11930967341974102
2017-06-20,-0.12385119307226353
2017-06-21,-0.1261487556347246
2017-06-22,-0.11893566347372674
2017-06-23,-0.111562266757048
2017-06-26,-0.11519556401358354
2017-06-27,-0.11434064093482911
2017-06-28,-0.10691384338349762
2017-06-29,-0.11380632643313406
2017-06-30,-0.11476805171549627
2017-07-03,-0.14313950615814328
2017-07-05,-0.1535584340362995
2017-07-06,-0.14901686309076465
2017-07-07,-0.1787240532960904
2017-07-10,-0.16771746137459884
2017-07-11,-0.1613058406989925
2017-07-12,-0.15371873859198026
2017-07-13,-0.1642444681394418
2017-07-14,-0.1513143748945157
2017-07-17,-0.14244498915249004
2017-07-18,-0.13325494407469457
2017-07-19,-0.13170550345598467
2017-07-20,-0.12914083466853718
2017-07-21,-0.12321007690126307
2017-07-24,-0.12385119307226353
2017-07-25,-0.11856165352771256
2017-07-26,-0.12294286862455407
2017-07-27,-0.11685190835332178
2017-07-28,-0.10963881619232402
2017-07-31,-0.10504379365342639
2017-08-01,-0.10621922432612202
2017-08-02,-0.10787556866586004
2017-08-03,-0.11337891565246723
2017-08-04,-0.1332549440746948
2017-08-07,-0.13330834490934754
2017-08-08,-0.12588154735801604
2017-08-09,-0.10055567483555665
2017-08-10,-0.08976278777009647
2017-08-11,-0.0894955794933877
2017-08-14,-0.08671720584990897
2017-08-15,-0.10824957861187455
2017-08-16,-0.09612095631803776
2017-08-17,-0.09008329482973551
2017-08-18,-0.09275486733821109
2017-08-21,-0.09195334455980717
2017-08-22,-0.09371659262057319
2017-08-23,-0.08997649316042988
2017-08-24,-0.09425090712226836
2017-08-25,-0.08965588404906835
2017-08-28,-0.06865782578879771
2017-08-29,-0.06913863740411742
2017-08-30,-0.07010046473820211
2017-08-31,-0.06603975670099964
2017-09-01,-0.053269916718742046
2017-09-05,-0.04653773822478658
2017-09-06,-0.048087178843496385
2017-09-07,-0.03740109344734161
2017-09-08,-0.0368133781109938
2017-09-11,-0.048568091976236745
2017-09-12,-0.04920920814723732
2017-09-13,-0.050438141706308504
2017-09-14,-0.05439194655678512
2017-09-15,-0.05904036993033562
2017-09-18,-0.08789273804002502
2017-09-19,-0.08126736174967712
2017-09-20,-0.07827528218156272
2017-09-21,-0.0950523278489499
2017-09-22,-0.09686897621006643
2017-09-25,-0.0885338542110255
2017-09-26,-0.10215851628891943
2017-09-27,-0.1051506973744544
2017-09-28,-0.10381486009435542
2017-09-29,-0.11268429659509141
2017-10-02,-0.11385982931950984
2017-10-03,-0.11407353470984326
2017-10-04,-0.1150352594579032
2017-10-05,-0.11402003182346791
2017-10-06,-0.10589871726648319
2017-10-09,-0.09617435715269063
2017-10-10,-0.08340451717043271
2017-10-11,-0.08735842407263202
2017-10-12,-0.08041243813662044
2017-10-13,-0.07271853436030278
2017-10-16,-0.07485569031536071
2017-10-17,-0.0923808573921968
2017-10-18,-0.09473171873758827
2017-10-19,-0.0809467526383156
2017-10-20,-0.09051080766212537
2017-10-23,-0.09040390394109726
2017-10-24,-0.09665527081973302
2017-10-25,-0.0987390259401382
2017-10-26,-0.10429577376139793
2017-10-27,-0.10760846244087419
2017-10-30,-0.1022654194756455
2017-10-31,-0.1106539423093391
2017-11-01,-0.08463345072950379
2017-11-02,-0.0866638050152561
2017-11-03,-0.10269283025631246
2017-11-06,-0.08126736174967703
2017-11-07,-0.0967620724890381
2017-11-08,-0.08602258679253283
2017-11-09,-0.09473171873758816
2017-11-10,-0.10002136033386172
2017-11-13,-0.09045730477574991
2017-11-14,-0.08890786415703979
2017-11-15,-0.09435770879157365
2017-11-16,-0.08869415876670626
2017-11-17,-0.07255822980462179
2017-11-20,-0.10092968478157116
2017-11-21,-0.09441121167794901
2017-11-22,-0.08628979506924192
2017-11-24,-0.09270136445183563
2017-11-27,-0.09120532466777838
2017-11-28,-0.10178450634290526
2017-11-29,-0.1206988094827706
2017-11-30,-0.12470611668532054
2017-12-01,-0.1292476363378428
2017-12-04,-0.12994225539521864
2017-12-05,-0.14655909855864765
2017-12-06,-0.15216924721456024
2017-12-07,-0.1603440646579202
2017-12-08,-0.15922203481987734
2017-12-11,-0.16130584069899273
2017-12-12,-0.16745030385660029
2017-12-13,-0.15665736603242977
2017-12-14,-0.15313097249692234
2017-12-15,-0.146291941040649
2017-12-18,-0.13870478817492674
2017-12-19,-0.14159006607373573
2017-12-20,-0.13507159243581143
2017-12-21,-0.13699504300053572
2017-12-22,-0.12604185191369682
2017-12-26,-0.11733271996864181
2017-12-27,-0.11204318042409084
2017-12-28,-0.10066247650486229
2017-12-29,-0.08848045337637273
2018-01-02,-0.08522116606585149
2018-01-03,-0.08180167571706992
2018-01-04,-0.08158797032673651
2018-01-05,-0.08073304724798208
2018-01-08,-0.08826674798603931
2018-01-09,-0.09510572868360245
2018-01-10,-0.09366319178592065
2018-01-11,-0.09734988987710894
2018-01-12,-0.08799954024363259
2018-01-16,-0.08516776523119883
2018-01-17,-0.08607608967890817
2018-01-18,-0.09740329071176138
2018-01-19,-0.09302197356319716
2018-01-22,-0.09537293642600896
2018-01-23,-0.09943364499751357
2018-01-24,-0.06897843490015935
2018-01-25,-0.0622461543544813
2018-01-26,-0.07127589541089806
2018-01-30,-0.09099161927744474
2018-01-31,-0.08078644808263441
2018-02-01,-0.08538147062153204
2018-02-02,-0.10899759796960075
2018-02-05,-0.11097455142070019
2018-02-06,-0.11583668018458411
2018-02-07,-0.13410986768775116
2018-02-08,-0.12833941394185563
2018-02-09,-0.13891859561698253
2018-02-12,-0.11583668018458422
2018-02-13,-0.1180273390260175
2018-02-14,-0.09927334044183281
2018-02-15,-0.10360115470402168
2018-02-16,-0.10798247238688816
2018-02-20,-0.12240865617458183
2018-02-21,-0.11284460115077206
2018-02-22,-0.11418033637914857
2018-02-23,-0.11968368336575574
2018-02-26,-0.11615728929594607
2018-02-27,-0.12662956725004496
2018-02-28,-0.12780509997446304
2018-03-01,-0.13443037474739053
2018-03-02,-0.12417180218362549
2018-03-05,-0.1270570800824345
2018-03-06,-0.10691384338349794
2018-03-07,-0.12224835161890107
2018-03-08,-0.12182083932081347
2018-03-09,-0.11594358390561244
2018-03-12,-0.11995078959074193
2018-03-13,-0.11524896484823663
2018-03-14,-0.12016459703279815
2018-03-15,-0.12625555730403035
2018-03-16,-0.1343235730780851
2018-03-19,-0.13149179806565134
2018-03-20,-0.13843768194994044
2018-03-21,-0.12604185191369704
2018-03-22,-0.12759139458412963
2018-03-23,-0.11679840546694675
2018-03-26,-0.11134856136671524
2018-03-27,-0.11898906430838026
2018-03-28,-0.1341632685224048
2018-03-29,-0.13320154324004257
2018-04-02,-0.11161566759170163
2018-04-03,-0.1265761664153924
2018-04-04,-0.13394956313207115
2018-04-05,-0.12801880536479712
2018-04-06,-0.12737758714207398
2018-04-09,-0.11845474980668522
2018-04-10,-0.11487495543652514
2018-04-11,-0.1056849098244275
2018-04-12,-0.12144682937479995
2018-04-13,-0.1115622667570491
2018-04-16,-0.10974561786163031
2018-04-17,-0.10386836298073164
2018-04-18,-0.079343809133231
2018-04-19,-0.0798247228002735
2018-04-20,-0.08383203000282342
2018-04-23,-0.11460784867723703
2018-04-24,-0.10840988316755629
2018-04-25,-0.11914936886406167
2018-04-26,-0.11904246514303357
2018-04-27,-0.12342378229159778
2018-04-30,-0.12844621614546473
2018-05-01,-0.14303270448883895
2018-05-02,-0.12956824544920542
2018-05-03,-0.12577474568871172
2018-05-04,-0.12192774250754063
2018-05-07,-0.1230497723455836
2018-05-08,-0.12438550757396
2018-05-09,-0.12064540864811915
2018-05-10,-0.10878389257926854
2018-05-11,-0.10899759796960216
2018-05-14,-0.11466125004619226
2018-05-15,-0.13475098385875325
2018-05-16,-0.1292476363378441
2018-05-17,-0.12304977234558383
2018-05-18,-0.12443901046033555
2018-05-21,-0.1209660177594809
2018-05-22,-0.11797393819136616
2018-05-23,-0.12705708008243569
2018-05-24,-0.11193627670306393
2018-05-25,-0.11941647508904797
2018-05-29,-0.12882022555717687
2018-05-30,-0.11952337881007608
2018-05-31,-0.12363748768193131
2018-06-01,-0.1243855075739601
2018-06-04,-0.1248664212410025
2018-06-05,-0.1188822626390755
2018-06-06,-0.11081424686502085
2018-06-07,-0.1041888700403707
2018-06-08,-0.10803587322154189
2018-06-11,-0.0967620724890393
2018-06-12,-0.09975415205715393
2018-06-13,-0.09419750628761668
2018-06-14,-0.0796110174099402
2018-06-15,-0.12096601775948068
2018-06-18,-0.12310317318023614
2018-06-19,-0.12892712927820496
2018-06-20,-0.12967514917023354
2018-06-21,-0.1287668247225242
2018-06-22,-0.12166063628255445
2018-06-25,-0.12865992153579836
2018-06-26,-0.1324000204616393
2018-06-27,-0.13768966205791286
2018-06-28,-0.14773452923134447
2018-06-29,-0.13955971178798451
2018-07-02,-0.15879457328050128
2018-07-03,-0.1476811283966918
2018-07-05,-0.1446890488285772
2018-07-06,-0.14613163648496943
2018-07-09,-0.1422846845968106
2018-07-10,-0.14495615505356346
2018-07-11,-0.15943574021021195
2018-07-12,-0.15056635500248855
2018-07-13,-0.15906173026419768
2018-07-16,-0.1592754864132414
2018-07-17,-0.169373805180036
2018-07-18,-0.1716712656907746
2018-07-19,-0.18038039763582972
2018-07-20,-0.17236588474815043
2018-07-23,-0.17888435785177245
2018-07-24,-0.17380847240454256
2018-07-25,-0.1700683734787015
2018-07-26,-0.17514425839162914
2018-07-27,-0.17525111135394705
2018-07-30,-0.17316730547483164
2018-07-31,-0.17183157024645526
2018-08-01,-0.17749517103003298
2018-08-02,-0.18096811297217755
2018-08-03,-0.17685400356602016
2018-08-06,-0.18294506588897516
2018-08-07,-0.18160927990188833
2018-08-08,-0.1784568963123952
2018-08-09,-0.1761594358016566
2018-08-10,-0.18433425324501668
2018-08-13,-0.20105789754344894
2018-08-14,-0.1972109456552902
2018-08-15,-0.22948280411376118
2018-08-16,-0.2147360619734163
2018-08-17,-0.21906387623560505
2018-08-20,-0.21698012164950226
2018-08-21,-0.21185078460890946
2018-08-22,-0.212705707687664
2018-08-23,-0.22381915257147345
2018-08-24,-0.2103547448248522
2018-08-27,-0.20688180288270766
2018-08-28,-0.210995911754563
2018-08-29,-0.21521692434744635
2018-08-30,-0.22649067378693646
2018-08-31,-0.22857447966605174
2018-09-04,-0.24871766560627795
2018-09-05,-0.24567213444480057
2018-09-06,-0.24796964571424937
2018-09-07,-0.2483970564949163
2018-09-10,-0.24775588956520564
2018-09-11,-0.24919852798030798
2018-09-12,-0.24171827883561373
2018-09-13,-0.24433639921642417
2018-09-14,-0.24973284248200325
2018-09-17,-0.24545842905446716
2018-09-18,-0.24748878334021956
2018-09-19,-0.2418785833912946
2018-09-20,-0.24048939656955512
2018-09-21,-0.23760416996375838
2018-09-24,-0.2385658952461206
2018-09-25,-0.23071168691412217
2018-09-26,-0.2356806681060217
2018-09-27,-0.2412374164615838
2018-09-28,-0.21868986682389313
2018-10-01,-0.22942935252039842
2018-10-02,-0.2193844853469667
2018-10-03,-0.22045306359164668
2018-10-04,-0.2247274770191828
2018-10-05,-0.22157509342968978
2018-10-08,-0.23813848446545355
2018-10-09,-0.23439833424660012
2018-10-10,-0.23835218985578707
2018-10-11,-0.2233917417908063
2018-10-12,-0.22184225041338607
2018-10-15,-0.216926669521837
2018-10-16,-0.21831585687787863
2018-10-17,-0.2203462106293288
2018-10-18,-0.22349859475312409
2018-10-19,-0.2210407789279945
2018-10-22,-0.224086310089472
2018-10-23,-0.21307971763367806
2018-10-24,-0.2193310337536036
2018-10-25,-0.22178884957873318
2018-10-26,-0.21804869935987978
2018-10-29,-0.23183371621786256
2018-10-30,-0.23044452939612317
2018-10-31,-0.2397413766775262
2018-11-01,-0.21302626604031508
2018-11-02,-0.21420174747172094
2018-11-05,-0.2197050436996178
2018-11-06,-0.22750585119696345
2018-11-07,-0.22376575173682037
2018-11-08,-0.23135285384383264
2018-11-09,-0.2464736059301918
2018-11-12,-0.25336608897982815
2018-11-13,-0.25454157094553626
2018-11-14,-0.2490382234246269
2018-11-15,-0.2393139146038468
2018-11-16,-0.23284889362789
2018-11-19,-0.23162001082752925
2018-11-20,-0.23877965139516422
2018-11-21,-0.22633042052426816
2018-11-23,-0.2401688382169037
2018-11-26,-0.24219919250265612
2018-11-27,-0.2486642140129152
2018-11-28,-0.2357875210683396
2018-11-29,-0.23739046457342508
2018-11-30,-0.2469544688385245
2018-12-03,-0.23162001082752956
2018-12-04,-0.2241397616828352
2018-12-06,-0.23113909769478944
2018-12-07,-0.22141483963271943
2018-12-10,-0.22643727295228402
2018-12-11,-0.22531524311424114
2018-12-12,-0.21323997143064904
2018-12-13,-0.21302626604031552
2018-12-14,-0.2245672237565146
2018-12-17,-0.21783499396954667
2018-12-18,-0.2207202205753433
2018-12-19,-0.21446890498972013
2018-12-20,-0.2117439316465919
2018-12-21,-0.22082707353766143
2018-12-24,-0.214522305824373
2018-12-26,-0.19833297549333373
2018-12-27,-0.18834150968885713
2018-12-28,-0.18112841752785927
2018-12-31,-0.175411415909629
2019-01-02,-0.1695875105703706
2019-01-03,-0.16082492703195242
2019-01-04,-0.1614126936613127
2019-01-07,-0.16280188048305208
2019-01-08,-0.16509934099379067
2019-01-09,-0.1636567528030965
2019-01-10,-0.16857233369464553
2019-01-11,-0.1677174613746011
2019-01-14,-0.16600766490719795
2019-01-15,-0.16937380518003708
2019-01-16,-0.16841202913896466
2019-01-17,-0.17359476701421023
2019-01-18,-0.18091471213752586
2019-01-22,-0.18470826319103192
2019-01-23,-0.1816092799018892
2019-01-24,-0.18583029249477254
2019-01-25,-0.16440477269512474
2019-01-28,-0.1606646737692839
2019-01-29,-0.15655051360441619
2019-01-30,-0.15152808028485162
2019-01-31,-0.1439410289365497
2019-02-01,-0.15152808028485162
2019-02-04,-0.15382559155430045
2019-02-05,-0.15633680821408277
2019-02-06,-0.16349644824741552
2019-02-07,-0.16248127137169044
2019-02-08,-0.15724513266179224
2019-02-11,-0.16344304741276275
2019-02-12,-0.1632827428570819
2019-02-13,-0.1652062441805164
2019-02-14,-0.17183157024645623
2019-02-15,-0.15991665387725523
2019-02-19,-0.14794828538038907
2019-02-20,-0.1367279367755514
2019-02-21,-0.15628335608641733
2019-02-22,-0.15003204050079405
2019-02-25,-0.1544667584840109
2019-02-26,-0.15435990605599517
2019-02-27,-0.16264157592737086
2019-02-28,-0.1698012159607036
2019-03-01,-0.18951699112026277
2019-03-04,-0.1976383564359576
2019-03-05,-0.19747805188027684
2019-03-06,-0.19838637632798628
2019-03-07,-0.2006838875974351
2019-03-08,-0.1840136441336556
2019-03-11,-0.1880209513362054
2019-03-12,-0.1804872500638458
2019-03-13,-0.17818978955310708
2019-03-14,-0.19315023761808775
2019-03-15,-0.18502882100938045
2019-03-18,-0.18513567397169833
2019-03-19,-0.18246420351494533
2019-03-20,-0.1854562825487577
2019-03-21,-0.17867065246143937
2019-03-22,-0.1801132401178315
2019-03-25,-0.1714575603004414
2019-03-26,-0.17872405329609214
2019-03-27,-0.1857768409014091
2019-03-28,-0.20276769347655027
2019-03-29,-0.19534084516650868
2019-04-01,-0.19582175883355096
2019-04-02,-0.19758495560130473
2019-04-03,-0.19539429675987155
2019-04-04,-0.19635602204223365
2019-04-05,-0.19624916961421812
2019-04-08,-0.18930323443691666
2019-04-09,-0.18957039195491532
2019-04-10,-0.18780719518716155
2019-04-11,-0.2079503805930855
2019-04-12,-0.20282109431120282
2019-04-15,-0.20132505506144782
2019-04-16,-0.2043705862229253
2019-04-17,-0.20276769347655027
2019-04-18,-0.20191277039779573
2019-04-22,-0.20084419215311575
2019-04-23,-0.21067535393621384
2019-04-24,-0.20399657627691103
2019-04-25,-0.20597347843499822
2019-04-26,-0.19843982792134893
2019-04-29,-0.20688180288270766
2019-04-30,-0.20388972331459312
2019-05-01,-0.21751438485818483
2019-05-02,-0.2231245848071099
2019-05-03,-0.20351571336857874
2019-05-06,-0.20618718382533163
2019-05-07,-0.2060269300283611
2019-05-08,-0.2096601765261864
2019-05-09,-0.21420174747172105
2019-05-10,-0.21318657059599597
2019-05-13,-0.2138811383603594
2019-05-14,-0.21179738323995423
2019-05-15,-0.21179738323995423
2019-05-16,-0.2263838213589206
2019-05-17,-0.23338320812958493
2019-05-20,-0.23012392028476156
2019-05-21,-0.23204742214249832
2019-05-22,-0.22985681405977537
2019-05-23,-0.22114768264902251
2019-05-24,-0.22419316251748753
2019-05-28,-0.23696300249974522
2019-05-29,-0.2321008737358613
2019-05-30,-0.22739899823464568
2019-05-31,-0.22365889930880473
2019-06-03,-0.21441545286205435
2019-06-04,-0.2128659614846341
2019-06-05,-0.21169053081193848
2019-06-06,-0.20559946848898347
2019-06-07,-0.1988672392363177
2019-06-10,-0.2196516428649648
2019-06-11,-0.21425514830637327
2019-06-12,-0.21340027598632882
2019-06-13,-0.20543916393330228
2019-06-14,-0.21019449102788068
2019-06-17,-0.20848469509477957
2019-06-18,-0.19961530988705606
2019-06-19,-0.2014853596171277
2019-06-20,-0.17348791458619273
2019-06-21,-0.18396024329900174
2019-06-24,-0.1788843578517718
2019-06-25,-0.18299846672362693
2019-06-26,-0.18342592879730646
2019-06-27,-0.18759348979682683
2019-06-28,-0.18502882100937923
2019-07-01,-0.192883080100088
2019-07-02,-0.19031841184694268
2019-07-03,-0.18508227260274232
2019-07-05,-0.20292794727351973
2019-07-08,-0.200042720667723
2019-07-09,-0.1949134343858404
2019-07-10,-0.1906924217929572
2019-07-11,-0.19496683522049318
2019-07-12,-0.1899444019009284
2019-07-15,-0.18305191885129218
2019-07-16,-0.16648852781552817
2019-07-17,-0.15083351198618397
2019-07-18,-0.13870478817492685
2019-07-19,-0.1388650927306076
2019-07-22,-0.12695017636140649
2019-07-23,-0.12347718312624957
2019-07-24,-0.11551607160752528
2019-07-25,-0.12700357719605934
2019-07-26,-0.12775159708808792
2019-07-29,-0.12545413657734933
2019-07-30,-0.11866845519701852
2019-07-31,-0.12662956725004507
2019-08-01,-0.13865138734027396
2019-08-02,-0.13325494407469501
2019-08-05,-0.1266830701364204
2019-08-06,-0.12347718312624957
2019-08-07,-0.08335111633578027
2019-08-08,-0.09697587993109465
2019-08-09,-0.09718958532142828
2019-08-12,-0.08960248321441602
2019-08-13,-0.09403720173193515
2019-08-14,-0.07816837846053483
2019-08-15,-0.08164137116138949
2019-08-16,-0.08655690129422854
2019-08-19,-0.09628126087371895
2019-08-20,-0.08516776523119939
2019-08-21,-0.08500746067551851
2019-08-22,-0.09093821844279253
2019-08-23,-0.07058127635352279
2019-08-26,-0.05834575087295992
2019-08-27,-0.030829219509067453
2019-08-28,-0.02201318437728648
2019-08-29,-0.029333179725010303
2019-08-30,-0.028371454442648096
2019-09-03,0.0
2019-09-04,0.0
2019-09-05,-0.03790421234448145
2019-09-06,-0.07338457454291009
2019-09-09,-0.07075455607931946
2019-09-10,-0.06961994367412949
2019-09-11,-0.07013565867661582
2019-09-12,-0.06961994367412949
2019-09-13,-0.10081996051699395
2019-09-16,-0.07683985469393578
2019-09-17,-0.0709091819306953
2019-09-18,-0.08230625590584846
2019-09-19,-0.08344076981173859
2019-09-20,-0.08524572307079085
2019-09-23,-0.04079213755896526
2019-09-24,-0.045072482914529435
2019-09-25,-0.07369402324426186
2019-09-26,-0.0819968072044968
2019-09-27,-0.09483784378689175
2019-09-30,-0.1285647946767266
2019-10-01,-0.11288747384530944
2019-10-02,-0.09277508279194922
2019-10-03,-0.09313607344375968
2019-10-04,-0.09545664269029525
2019-10-07,-0.09973698856156239
2019-10-08,-0.09148574603608327
2019-10-09,-0.08576143807327719
2019-10-10,-0.09648807269526813
2019-10-11,-0.09947918030996904
2019-10-14,-0.09060904038178605
2019-10-15,-0.10742097413409639
2019-10-16,-0.10520348827277501
2019-10-17,-0.09566300749072976
2019-10-18,-0.09741632030002359
2019-10-21,-0.0961787224932162
2019-10-22,-0.10076841856653526
2019-10-23,-0.096642797045944
2019-10-24,-0.08519418112033206
2019-10-25,-0.07890261620458118
2019-10-28,-0.08122328446611987
2019-10-29,-0.08354395221195558
2019-10-30,-0.08127482641657865
2019-10-31,-0.07101236433091229
2019-11-01,-0.07152807933339883
2019-11-04,-0.07101236433091218
2019-11-05,-0.09669433899640237
2019-11-06,-0.09452839560124264
2019-11-07,-0.1248518047734073
2019-11-08,-0.13449536894066652
2019-11-11,-0.13557843939539801
2019-11-12,-0.13996186865187923
2019-11-13,-0.12856479467672619
2019-11-14,-0.12263422041278565
2019-11-15,-0.12675984193337692
2019-11-18,-0.12407818302002756
2019-11-19,-0.11799288440541124
2019-11-20,-0.11814760875608722
2019-11-21,-0.12072618325281624
2019-11-22,-0.12407818302002777
2019-11-25,-0.1299572153335095
2019-11-26,-0.12175751475848896
2019-11-27,-0.12784281337310538
2019-11-29,-0.12490334672386598
2019-12-02,-0.13176216859256198
2019-12-03,-0.11685837049952132
2019-12-04,-0.13377338763704583
2019-12-05,-0.12629576686494612
2019-12-06,-0.15006960638686961
2019-12-09,-0.14743958792327888
2019-12-10,-0.1441390321229292
2019-12-11,-0.1365066870001535
2019-12-12,-0.13129809403983395
2019-12-13,-0.12784281337310496
2019-12-16,-0.12232487021073361
2019-12-17,-0.1244391736718377
2019-12-18,-0.12572851042770378
2019-12-19,-0.12031355266694982
2019-12-20,-0.116703646148845
2019-12-23,-0.10252182935942523
2019-12-24,-0.08426593351557607
2019-12-26,-0.0772008453457456
2019-12-27,-0.07952141510798445
2019-12-30,-0.07647876554282465
2019-12-31,-0.08060448556271596
2020-01-02,-0.07348775694312676
2020-01-03,-0.0682275235330486
2020-01-06,-0.0667320189753479
2020-01-07,-0.05543812740041195
2020-01-08,-0.06719619202737567
2020-01-09,-0.07895415815503934
2020-01-10,-0.07003247627639757
2020-01-13,-0.07555051793806908
2020-01-14,-0.08854627887114003
2020-01-15,-0.07570524228874485
2020-01-16,-0.07818063490095964
2020-01-17,-0.07106390628137055
2020-01-21,-0.08457538221692794
2020-01-22,-0.08354395221195496
2020-01-23,-0.08344076981173776
2020-01-24,-0.06879487846959018
2020-01-27,-0.07173434563453267
2020-01-28,-0.1025733713098836
2020-01-29,-0.10107786675218312
2020-01-30,-0.07420973824674745
2020-01-31,-0.07317830824177468
2020-02-03,-0.09029969017973381
2020-02-04,-0.09607554009299836
2020-02-05,-0.0939611386482971
2020-02-06,-0.0826157046071995
2020-02-07,-0.08901035342386773
2020-02-10,-0.08421439156511729
2020-02-11,-0.09375487234716254
2020-02-12,-0.09865401660613009
2020-02-13,-0.0923624516903791
2020-02-14,-0.08643187742643867
2020-02-18,-0.06497860766675392
2020-02-19,-0.05667582319081601
2020-02-20,-0.055799117536519324
2020-02-21,-0.04486621661339382
2020-02-24,-0.026971311421355
2020-02-25,-0.06229694926910775
2020-02-26,-0.0807075694636328
2020-02-27,-0.08937134407567787
2020-02-28,-0.15491730719467803
2020-03-02,-0.1398586867673645
2020-03-03,-0.11665210419838601
2020-03-04,-0.11366099709938807
2020-03-05,-0.10566766132480203
2020-03-06,-0.11226857644260474
2020-03-09,-0.12325311781548887
2020-03-10,-0.12815226207445643
2020-03-11,-0.13728021025423254
2020-03-12,-0.17688619345754925
2020-03-13,-0.25449952189806313
2020-03-16,-0.3413439319267721
2020-03-17,-0.3569697603152321
2020-03-18,-0.39482238120175345
2020-03-19,-0.37615390376383673
2020-03-20,-0.3631581918225641
2020-03-23,-0.31798257601531904
2020-03-24,-0.2662059955827696
2020-03-25,-0.23485125490493222
2020-03-26,-0.24501058358217961
2020-03-27,-0.2523335785029034
2020-03-30,-0.2741993803491542
2020-03-31,-0.27296173355054837
2020-04-01,-0.28183182397122974
2020-04-02,-0.24727970937755656
2020-04-03,-0.25553095190303576
2020-04-06,-0.22072098006597116
2020-04-07,-0.2046826190752419
2020-04-08,-0.21886443586466167
2020-04-09,-0.17513283114075381
2020-04-13,-0.2017431029185011
2020-04-14,-0.17116188549474318
2020-04-15,-0.20339338081867597
2020-04-16,-0.19735962415451813
2020-04-17,-0.21422309934158407
2020-04-20,-0.1977722057485856
2020-04-21,-0.2358310934519446
2020-04-22,-0.21216028883913993
2020-04-23,-0.2084988408862795
2020-04-24,-0.2133464431947885
2020-04-27,-0.21607964405859642
2020-04-28,-0.21809091261058178
2020-04-29,-0.21819404550329746
2020-04-30,-0.23170547244705642
2020-05-01,-0.2335104251904056
2020-05-04,-0.24078182916887225
2020-05-05,-0.22350577187203588
2020-05-06,-0.2271156778744375
2020-05-07,-0.19746275756293669
2020-05-08,-0.1882832674327018
2020-05-11,-0.1936465847436972
2020-05-12,-0.19101646829650973
2020-05-13,-0.19225416408691398
2020-05-14,-0.1678614276779897
2020-05-15,-0.12093244955394944
2020-05-18,-0.09937599790975046
2020-05-19,-0.07730392924666213
2020-05-20,-0.07163116323431494
2020-05-21,-0.10602865197661206
2020-05-22,-0.08906199387362573
2020-05-26,-0.09416740494943114
2020-05-27,-0.08792738198413873
2020-05-28,-0.07714920489598624
2020-05-29,-0.04904338008444313
2020-06-01,-0.03212836243121533
2020-06-02,-0.06105925296299978
2020-06-03,-0.07580842468896143
2020-06-04,-0.07049664932842459
2020-06-05,-0.10045896986518203
2020-06-08,-0.07854162555276946
2020-06-09,-0.08338922786127845
2020-06-10,-0.08328614396036119
2020-06-11,-0.07849008360231079
2020-06-12,-0.09947918030996777
2020-06-15,-0.10375952566553184
2020-06-16,-0.09071222278200232
2020-06-17,-0.08426593351557544
2020-06-18,-0.09788049335205008
2020-06-19,-0.0803981207622806
2020-06-22,-0.07756183599755553
2020-06-23,-0.06910422867164188
2020-06-24,-0.08937134407567777
2020-06-25,-0.07776810229869009
2020-06-26,-0.07054819127888369
2020-06-29,-0.07276577563950502
2020-06-30,-0.04383478660842073
2020-07-01,-0.06487552376583634
2020-07-02,-0.059151215803030475
2020-07-06,-0.045742922267690396
2020-07-07,-0.0393481749517222
2020-07-08,-0.015986868547770917
2020-07-09,-0.026249330117734098
2020-07-10,-0.02104073715741446
2020-07-13,0.0
2020-07-14,-0.013090437102007333
2020-07-15,-0.0012177259348804842
2020-07-16,-0.010756501800188023
2020-07-17,-0.0012177259348802774
2020-07-20,0.0
2020-07-21,0.0
2020-07-22,0.0
2020-07-23,-0.005978446862360956
2020-07-24,-0.011913512882015623
2020-07-27,0.0
2020-07-28,-0.00857979577784633
2020-07-29,-0.007476734812512115
2020-07-30,-0.04641279979940244
2020-07-31,-0.011725798823066897
2020-08-03,-0.003513664021789752
2020-08-04,0.0
2020-08-05,0.0
2020-08-06,0.0
2020-08-07,-0.030084130276999757
2020-08-10,0.0
2020-08-11,-0.1098157143697684
2020-08-12,-0.11261925426713437
2020-08-13,-0.05316422034119721
2020-08-14,-0.10885842114697482
2020-08-17,-0.054907889835572384
2020-08-18,-0.041027068871930875
2020-08-19,-0.06612191813849842
2020-08-20,-0.07272046121247693
2020-08-21,-0.08690894636398064
2020-08-24,-0.09097750897337889
2020-08-25,-0.1023966899272389
2020-08-26,-0.062190167383342904
2020-08-27,-0.07654963512932716
2020-08-28,-0.05603610069336166
2020-08-31,-0.02776164192728246
2020-09-01,-0.02608637818908269
2020-09-02,-0.06837840481356156
2020-09-03,-0.085951652799295
2020-09-04,-0.09138774965765417
2020-09-08,-0.08154125560368906
2020-09-09,-0.07843005186035297
2020-09-10,-0.07131869126379416
2020-09-11,-0.08581490590453685
2020-09-14,-0.06906220458873061
2020-09-15,-0.06506204807739983
2020-09-16,-0.06475438388953748
2020-09-17,-0.0774043521976
2020-09-18,-0.07593424145222627
2020-09-21,-0.16923657789735994
2020-09-22,-0.16434753391941112
2020-09-23,-0.21316969786169324
2020-09-24,-0.20961401773435986
2020-09-25,-0.21306712136528042
2020-09-28,-0.19559644987596006
2020-09-29,-0.16646727404160844
2020-09-30,-0.19884440085594665
2020-10-01,-0.17286059916327648
2020-10-02,-0.18045060620028625
2020-10-05,-0.16229613493579712
2020-10-06,-0.18390370983120655
2020-10-07,-0.18465591570444279
2020-10-08,-0.1850319859903726
2020-10-09,-0.14291087665899738
2020-10-12,-0.13754318589870582
2020-10-13,-0.17651885578702267
2020-10-14,-0.16701426162064187
2020-10-15,-0.1728605991632762
2020-10-16,-0.16684334432753797
2020-10-19,-0.15699685027357257
2020-10-20,-0.14742385035101638
2020-10-21,-0.13853464986173664
2020-10-22,-0.15672329118267922
2020-10-23,-0.1580224846349492
2020-10-26,-0.1666040209363666
2020-10-27,-0.16147565356724639
2020-10-28,-0.20257106357776042
2020-10-29,-0.20205818109569557
2020-10-30,-0.19255358692931476
2020-11-02,-0.17925398924442895
2020-11-03,-0.16903142490453404
2020-11-04,-0.18410886282403244
2020-11-05,-0.13942360228783954
2020-11-06,-0.12318371815272154
2020-11-09,-0.1902287591156682
2020-11-10,-0.16421078702465255
2020-11-11,-0.1708776712372141
2020-11-12,-0.169544242085222
2020-11-13,-0.15350951094293003
2020-11-16,-0.1525864530779665
2020-11-17,-0.1577489908454322
2020-11-18,-0.1646551984491651
2020-11-19,-0.17833086607808854
2020-11-20,-0.1675613145010518
2020-11-23,-0.19231426353814285
2020-11-24,-0.20366510369531202
2020-11-25,-0.2014769578169393
2020-11-27,-0.22893093521446792
2020-11-30,-0.22958049928991459
2020-12-01,-0.17833086607808854
2020-12-02,-0.17860442516898203
2020-12-03,-0.17648468538867676
2020-12-04,-0.1725187645770681
2020-12-07,-0.1541249699214077
2020-12-08,-0.15607372710723227
2020-12-09,-0.18185237580707642
2020-12-10,-0.17839927217615598
2020-12-11,-0.1783651017778105
2020-12-14,-0.1799719594179428
2020-12-15,-0.15959523717811222
2020-12-16,-0.14578275701116183
2020-12-17,-0.10766180419111752
2020-12-18,-0.11282440725995983
2020-12-21,-0.10157614325731183
2020-12-22,-0.13043182530214673
2020-12-23,-0.11709805756080748
2020-12-24,-0.11754246864342825
2020-12-28,-0.09535373577063948
2020-12-29,-0.10636261073884756
2020-12-30,-0.09439637690457733
2020-12-31,-0.09972989726652343
2021-01-04,-0.06718178785770482
2021-01-05,-0.057369529503461685
2021-01-06,-0.07781465818325178
2021-01-07,-0.0700536685517616
2021-01-08,-0.15956100147839053
2021-01-11,-0.1370987095147084
2021-01-12,-0.13214125943869212
2021-01-13,-0.12749153885191467
2021-01-14,-0.11976478492014646
2021-01-15,-0.15125302426786663
2021-01-19,-0.13573117526574746
2021-01-20,-0.12017509090579838
2021-01-21,-0.11716639835749873
2021-01-22,-0.12735479195715638
2021-01-25,-0.1297138554705249
2021-01-26,-0.12718387466405245
2021-01-27,-0.13241481852958575
2021-01-28,-0.11419194116702913
2021-01-29,-0.08031046824948698
2021-02-01,0.0
2021-02-02,-0.10252397667129515
2021-02-03,-0.08572013056267438
2021-02-04,-0.10800058072792637
2021-02-05,-0.08109397651582871
2021-02-08,-0.06218113426864356
2021-02-09,-0.06809989662453479
2021-02-10,-0.07905303976739263
2021-02-11,-0.08014153487645734
2021-02-12,-0.07058305732295393
2021-02-16,-0.07071911113280635
2021-02-17,-0.07088922678276614
2021-02-18,-0.07895098316740233
2021-02-19,-0.07299815829108529
2021-02-22,-0.044730951350218234
2021-02-23,-0.05823524927105997
2021-02-24,-0.05241854317499994
2021-02-25,-0.05990208677020526
2021-02-26,-0.10191170204175691
2021-03-01,-0.0935778383775751
2021-03-02,-0.08667257220204576
2021-03-03,-0.10344242110080454
2021-03-04,-0.13483912520973623
2021-03-05,-0.1408599445057771
2021-03-08,-0.14143822192545322
2021-03-09,-0.11055173550590999
2021-03-10,-0.11211651674522408
2021-03-11,-0.11007551468622417
2021-03-12,-0.11966805476015338
2021-03-15,-0.106980079698426
2021-03-16,-0.11647049820196032
2021-03-17,-0.11456561492321742
2021-03-18,-0.10466703499012599
2021-03-19,-0.10565347383935936
2021-03-22,-0.12439626540698946
2021-03-23,-0.14279882499438157
2021-03-24,-0.1427648277845197
2021-03-25,-0.14885370613052995
2021-03-26,-0.14647260237226045
2021-03-29,-0.15820807082421173
2021-03-30,-0.1795020171698256
2021-03-31,-0.16603171645884585
2021-04-01,-0.15181308730847545
2021-04-05,-0.15766379061439745
2021-04-06,-0.14239066356482447
2021-04-07,-0.14167633233529592
2021-04-08,-0.13024696871291147
2021-04-09,-0.13902305598691714
2021-04-12,-0.15460235283646154
2021-04-13,-0.1354174026294122
2021-04-14,-0.13208385723177132
2021-04-15,-0.11708283780190301
2021-04-16,-0.11221850837481005
2021-04-19,-0.12133482762905357
2021-04-20,-0.12119877381920115
2021-04-21,-0.09636710390556093
2021-04-22,-0.1096673532566672
2021-04-23,-0.11296690178460544
2021-04-26,-0.10840874215748361
2021-04-27,-0.10157153503192363
2021-04-28,-0.11283084797475289
2021-04-29,-0.1137832892739652
2021-04-30,-0.12058643421925844
2021-05-03,-0.08350907782411929
2021-05-04,-0.09725155078504925
2021-05-05,-0.09851009725398759
2021-05-06,-0.06585484667611757
2021-05-07,-0.06585484667611757
2021-05-10,-0.06527656925644146
2021-05-11,-0.059221752750538446
2021-05-12,-0.07371248952061354
2021-05-13,-0.08007347548632862
2021-05-14,-0.06956255629345356
2021-05-17,-0.038710132054176935
2021-05-18,-0.03687330816556248
2021-05-19,-0.047282171098606184
2021-05-20,-0.045785449249420546
2021-05-21,-0.06548068245642216
2021-05-24,-0.051398107115904174
2021-05-25,-0.04629566727896808
2021-05-26,-0.052554596984851806
2021-05-27,-0.050309546696275645
2021-05-28,-0.04779238912815372
2021-06-01,-0.04473095135021768
2021-06-02,-0.04122728996245793
2021-06-03,-0.06592290606624587
2021-06-04,-0.05167021473560901
2021-06-07,-0.04752028150844917
2021-06-08,-0.05724881042182605
2021-06-09,-0.0480644967478587
2021-06-10,-0.047044060688763205
2021-06-11,-0.04309817569117962
2021-06-14,-0.04673789088879178
2021-06-15,-0.05847335968090226
2021-06-16,-0.054357488293849794
2021-06-17,-0.12089260401922959
2021-06-18,-0.11701477841177457
2021-06-21,-0.1150758979231697
2021-06-22,-0.12075655020937731
2021-06-23,-0.11191240354524322
2021-06-24,-0.11398733750354144
2021-06-25,-0.1127967857944863
2021-06-28,-0.10817063174764077
2021-06-29,-0.11994016237985848
2021-06-30,-0.10997345808623402
2021-07-01,-0.11303489620432929
2021-07-02,-0.09922442848351626
2021-07-06,-0.11034768727633389
2021-07-07,-0.11184434415511506
2021-07-08,-0.11670867358220831
2021-07-09,-0.10840874215748375
2021-07-12,-0.10820469392790749
2021-07-13,-0.1116742931354008
2021-07-14,-0.10721819010826954
2021-07-15,-0.10283014647126672
2021-07-16,-0.12317165117750908
2021-07-19,-0.14531604753290878
2021-07-20,-0.15038442518957815
2021-07-21,-0.1415062163451775
2021-07-22,-0.13718623209830308
2021-07-23,-0.14218655036484415
2021-07-26,-0.1395673358565726
2021-07-27,-0.1621198936415294
2021-07-28,-0.15450029623647155
2021-07-29,-0.12361387478733292
2021-07-30,-0.13164163362194803
2021-08-02,-0.13065519477271453
2021-08-03,-0.13034902531290246
2021-08-04,-0.13443096378017938
2021-08-05,-0.14017961048611083
2021-08-06,-0.17300497739425894
2021-08-09,-0.20895984113031232
2021-08-10,-0.20480984293274787
2021-08-11,-0.20151029474496898
2021-08-12,-0.21406221599684366
2021-08-13,-0.19150965821188698
2021-08-16,-0.19110143181192515
2021-08-17,-0.19559153204891852
2021-08-18,-0.2036192908835335
2021-08-19,-0.2101503931795268
2021-08-20,-0.2140622159968438
2021-08-23,-0.19555753483905655
2021-08-24,-0.18735972498472714
2021-08-25,-0.1914076016118967
2021-08-26,-0.19906119622681656
2021-08-27,-0.18157701609852925
2021-08-30,-0.18497862122645792
2021-08-31,-0.18497862122645792
2021-09-01,-0.1775971338910838
2021-09-02,-0.18786994301427512
2021-09-03,-0.15769785279466517
2021-09-07,-0.1722566489548687
2021-09-08,-0.18320979175756746
2021-09-09,-0.17909385574026945
2021-09-10,-0.18855027703394164
2021-09-13,-0.19201987624143493
2021-09-14,-0.1889925006437655
2021-09-15,-0.1918157630414541
2021-09-16,-0.2260697920685002
2021-09-17,-0.2416150917081825
2021-09-20,-0.24610519194517586
2021-09-21,-0.2321586707546695
2021-09-22,-0.22208997483145906
2021-09-23,-0.22981156386610277
2021-09-24,-0.238451597330256
2021-09-27,-0.22930134583655495
2021-09-28,-0.23702293487119866
2021-09-29,-0.27005241497932764
2021-09-30,-0.2509354591920024
2021-10-01,-0.23430166410309616
2021-10-04,-0.23062795169562186
2021-10-05,-0.23185250095469823
2021-10-06,-0.23443771791294857
2021-10-07,-0.23015173087593618
2021-10-08,-0.2285529527669192
2021-10-11,-0.22987962325623135
2021-10-12,-0.23494800091290086
2021-10-13,-0.21256549414765843
2021-10-14,-0.20212263434491196
2021-10-15,-0.2064766807720528
2021-10-18,-0.20936800255986998
2021-10-19,-0.18831216662409894
2021-10-20,-0.16919521083677358
2021-10-21,-0.17851557832059348
2021-10-22,-0.1690250951868139
2021-10-25,-0.1641608307301254
2021-10-26,-0.18069256921904134
2021-10-27,-0.17718897246152684
2021-10-28,-0.1796380709796794
2021-10-29,-0.18548883925600587
2021-11-01,-0.18144096228867712
2021-11-02,-0.20062591249572648
2021-11-03,-0.20994627997954624
2021-11-04,-0.18681544477491344
2021-11-05,-0.17844751893046504
2021-11-08,-0.16535138243918054
2021-11-09,-0.17297097984423843
2021-11-10,-0.15752773680454657
2021-11-11,-0.1393632226565927
2021-11-12,-0.13790056332783274
2021-11-15,-0.14596231937230972
2021-11-16,-0.15150691784866477
2021-11-17,-0.14392138228371426
2021-11-18,-0.1529696421478292
2021-11-19,-0.15708551319472258
2021-11-22,-0.1735151950836481
2021-11-23,-0.20283696523428157
2021-11-24,-0.20076196630557888
2021-11-26,-0.21399415660671578
2021-11-29,-0.22447107858972884
2021-11-30,-0.2256276334290812
2021-12-01,-0.24147903789833047
2021-12-02,-0.24212530973773058
2021-12-03,-0.23651271718181074
2021-12-06,-0.24389413920662104
2021-12-07,-0.2350840547227534
2021-12-08,-0.23838360291053243
2021-12-09,-0.25253417267077427
2021-12-10,-0.2462072485451667
2021-12-13,-0.2417851427278973
2021-12-14,-0.25549361881912447
2021-12-15,-0.26838564211042815
2021-12-16,-0.2361725501719776
2021-12-17,-0.23440372070308702
2021-12-20,-0.2422954257278497
2021-12-21,-0.23457377172280156
2021-12-22,-0.22470918899957198
2021-12-23,-0.2199809783527359
2021-12-27,-0.2183482030338569
2021-12-28,-0.21385810279686365
2021-12-29,-0.22280430606098817
2021-12-30,-0.21668143016495686
2021-12-31,-0.20647668077205322
2022-01-03,-0.2247771834192958
2022-01-04,-0.21634126315512345
2022-01-05,-0.21253149693779674
2022-01-06,-0.24573102772548075
2022-01-07,-0.23824754910068002
2022-01-10,-0.23647871963178954
2022-01-11,-0.224232968179886
2022-01-12,-0.21083066222878918
2022-01-13,-0.2123613809476776
2022-01-14,-0.220661312372402
2022-01-18,-0.20106813610555016
2022-01-19,-0.17593036136234314
2022-01-20,-0.15943262008328932
2022-01-21,-0.17293698263437643
2022-01-24,-0.19059121378237803
2022-01-25,-0.1871556117847467
2022-01-26,-0.19018305235282076
2022-01-27,-0.2287570656267411
2022-01-28,-0.2413769812983399
2022-01-31,-0.23821348692041344
2022-02-01,-0.23137628013501266
2022-02-02,-0.22746445731769568
2022-02-03,-0.2388938209400801
2022-02-04,-0.23549221615231067
2022-02-07,-0.21504865484607774
2022-02-08,-0.21100077821890817
2022-02-09,-0.20620450818194364
2022-02-10,-0.1999796406563265
2022-02-11,-0.20518407212284842
2022-02-14,-0.18889044404377547
2022-02-15,-0.2061365137622198
2022-02-16,-0.1971903104980953
2022-02-17,-0.18790394022413737
2022-02-18,-0.18392412298709654
2022-02-22,-0.17303897460412176
2022-02-23,-0.16473910780964274
2022-02-24,-0.16028300512267055
2022-02-25,-0.18372000978711556
2022-02-28,-0.17133820452535958
2022-03-01,-0.13143752042196802
2022-03-02,-0.14337710241405935
2022-03-03,-0.14262877397466883
2022-03-04,-0.12300160015779564
2022-03-07,-0.12534870704636236
2022-03-08,-0.08537996355284222
2022-03-09,-0.12385198519717673
2022-03-10,-0.10871491195745614
2022-03-11,-0.11198039796496845
2022-03-14,-0.14130216811560206
2022-03-15,-0.1454181041328999
2022-03-16,-0.16082728499232532
2022-03-17,-0.12973675068336504
2022-03-18,-0.14773114850104083
2022-03-21,-0.14000955946639698
2022-03-22,-0.15351385738723872
2022-03-23,-0.1438193256837237
2022-03-24,-0.11898772074048808
2022-03-25,-0.1293625864636698
2022-03-28,-0.14361521248374298
2022-03-29,-0.15926256906357492
2022-03-30,-0.14609837318216184
2022-03-31,-0.1454860985526236
2022-04-01,-0.1617797266316967
2022-04-04,-0.16375266930056803
2022-04-05,-0.16565755223915185
2022-04-06,-0.16814071293757085
2022-04-07,-0.15868429164389852
2022-04-08,-0.15575890767581488
2022-04-11,-0.15035036300931212
2022-04-12,-0.12494048064640038
2022-04-13,-0.11490578193305208
2022-04-14,-0.12613103269561488
2022-04-18,-0.11082390809602068
2022-04-19,-0.13630178487865652
2022-04-20,-0.14041772089595453
2022-04-21,-0.16249405786122537
2022-04-22,-0.1748758631229813
2022-04-25,-0.194911262999657
2022-04-26,-0.1991972500366694
2022-04-27,-0.2020545749547838
2022-04-28,-0.2132458281673254
2022-04-29,-0.21627320376499487
2022-05-02,-0.23314510926374407
2022-05-03,-0.23052589509563173
2022-05-04,-0.23933604454990395
2022-05-05,-0.23804343590069918
2022-05-06,-0.24059459101884215
2022-05-09,-0.2590652746266082
2022-05-10,-0.27239952152773556
2022-05-11,-0.2669569796513708
2022-05-12,-0.2939315782831923
2022-05-13,-0.28620998924854857
2022-05-16,-0.2674671976809186
2022-05-17,-0.26059599368565584
2022-05-18,-0.2675351921006424
2022-05-19,-0.25511938962902464
2022-05-20,-0.2629090380537968
2022-05-23,-0.2610722145053415
2022-05-24,-0.24950679673294546
2022-05-25,-0.2564119982782294
2022-05-26,-0.25365673030026464
2022-05-27,-0.2496088533329359
2022-05-31,-0.26352137765373945
2022-06-01,-0.25559561044871015
2022-06-02,-0.24300975695737811
2022-06-03,-0.25539156221913395
2022-06-06,-0.24913263285340928
2022-06-07,-0.24624124575502843
2022-06-08,-0.24913263285340928
2022-06-09,-0.25855499162665596
2022-06-10,-0.25460917159947694
2022-06-13,-0.2776379502041193
2022-06-14,-0.28784269993718203
2022-06-15,-0.27199129512777354
2022-06-16,-0.2561738878683864
2022-06-17,-0.2661745893718729
2022-06-21,-0.26001771626597975
2022-06-22,-0.2718212441080594
2022-06-23,-0.28457721358951066
2022-06-24,-0.2817198890115556
2022-06-27,-0.2802571643722318
2022-06-28,-0.2925709102438592
2022-06-29,-0.29695901885126663
2022-06-30,-0.3100891525524129
2022-07-01,-0.33339003877676027
2022-07-05,-0.3519287168042503
2022-07-06,-0.3508062244853238
2022-07-07,-0.3495476130459808
2022-07-08,-0.3480168939869332
2022-07-11,-0.35141849877470266
2022-07-12,-0.35713314827077225
2022-07-13,-0.34900333283616686
2022-07-14,-0.3819647532140081
2022-07-15,-0.36907272992270435
2022-07-18,-0.3608068606782465
2022-07-19,-0.3649227966955444
2022-07-20,-0.3659772949349063
2022-07-21,-0.3643445196160276
2022-07-22,-0.3678141837939255
2022-07-25,-0.3777127633868577
2022-07-26,-0.37114772919156624
2022-07-27,-0.3689026789029901
2022-07-28,-0.32556639314212643
2022-07-29,-0.31437513958942565
2022-08-01,-0.30872848485323906
2022-08-02,-0.31610997184845396
2022-08-03,-0.3242737844929215
2022-08-04,-0.3163140200780304
2022-08-05,-0.32583850076183096
2022-08-08,-0.2995442361496762
2022-08-09,-0.30410233080639326
2022-08-10,-0.2952581841422592
2022-08-11,-0.3085924310433865
2022-08-12,-0.2966528490512952
2022-08-15,-0.31114365079177486
2022-08-16,-0.3174705749173826
2022-08-17,-0.3295122131693051
2022-08-18,-0.33845841643342967
2022-08-19,-0.35172460394442856
2022-08-22,-0.3580175954904195
2022-08-23,-0.3532893848435834
2022-08-24,-0.3572692020806244
2022-08-25,-0.3499217772656759
2022-08-26,-0.3625416929372746
2022-08-29,-0.3688346195128611
2022-08-30,-0.3823049202238408
2022-08-31,-0.3958092831150872
2022-09-01,-0.40298659193991676
2022-09-02,-0.3953330622954015
2022-09-06,-0.39468672548559686
2022-09-07,-0.3830533136336362
2022-09-08,-0.37648821446794023
2022-09-09,-0.36533095812510136
2022-09-12,-0.328015556290524
2022-09-13,-0.3404313587621419
2022-09-14,-0.3376760258137727
2022-09-15,-0.3477447863672285
2022-09-16,-0.3436288503499305
2022-09-19,-0.34441117599918303
2022-09-20,-0.3502279470656475
2022-09-21,-0.3397170275326135
2022-09-22,-0.33505681130550125
2022-09-23,-0.3591060909396437
2022-09-26,-0.373902997169531
2022-09-27,-0.3789713748262005
2022-09-28,-0.3606368096585323
2022-09-29,-0.36692973657427796
2022-09-30,-0.3550582143124743
2022-10-03,-0.30202739650793625
2022-10-04,-0.2844070975993919
2022-10-05,-0.30338799957686485
2022-10-06,-0.2994421795496859
2022-10-07,-0.31315059033034925
2022-10-10,-0.33478470368579655
2022-10-11,-0.33917274732279923
2022-10-12,-0.35784747950030094
2022-10-13,-0.35852781351996743
2022-10-14,-0.3872032468607964
2022-10-17,-0.36478674288569213
2022-10-18,-0.368290404273452
2022-10-19,-0.3762841012679597
2022-10-20,-0.3650588505053971
2022-10-21,-0.35223488660422203
2022-10-24,-0.34777878357709063
2022-10-25,-0.3421661260507662
2022-10-26,-0.33736992098420615
2022-10-27,-0.3374379154039301
2022-10-28,-0.3486972280066003
2022-10-31,-0.3494455564459908
2022-11-01,-0.3308048214783511
2022-11-02,-0.33328798217677025
2022-11-03,-0.33886657786298746
2022-11-04,-0.29280902065370257
2022-11-07,-0.2891353082462284
2022-11-08,-0.26944014034979064
2022-11-09,-0.27552895372539626
2022-11-10,-0.26263693043409264
2022-11-11,-0.2636914286734546
2022-11-14,-0.24852035822387214
2022-11-15,-0.2686917469399955
2022-11-16,-0.26852169592028124
2022-11-17,-0.2871964280977829
2022-11-18,-0.2864820968682544
2022-11-21,-0.2908020811151286
2022-11-22,-0.2845091541993829
2022-11-23,-0.2735220141868223
2022-11-25,-0.27120896947852213
2022-11-28,-0.28872714681667133
2022-11-29,-0.2787264456533439
2022-11-30,-0.2669569796513718
2022-12-01,-0.22998167985622303
2022-12-02,-0.21634126315512442
2022-12-05,-0.24488064302625984
2022-12-06,-0.2474658599845102
2022-12-07,-0.2274985194979631
2022-12-08,-0.21549087811574333
2022-12-09,-0.19943536044651336
2022-12-12,-0.21015039317952833
2022-12-13,-0.1903871005823984
2022-12-14,-0.18545484170598606
2022-12-15,-0.21327982537718837
2022-12-16,-0.21249749972793586
2022-12-19,-0.21664743295509584
2022-12-20,-0.1804204615993376
2022-12-21,-0.18242740113791187
2022-12-22,-0.20144230032524682
2022-12-23,-0.19164571202174108
2022-12-27,-0.1822572851477927
2022-12-28,-0.19508131401937237
2022-12-29,-0.18096474180915162
2022-12-30,-0.18831216662410005
2023-01-03,-0.18161101330839263
2023-01-04,-0.19069327038236955
2023-01-05,-0.20885778453032341
2023-01-06,-0.18967276969302868
2023-01-09,-0.19341454149063142
2023-01-10,-0.20038780208588458
2023-01-11,-0.20651067798191589
2023-01-12,-0.18827810444383347
2023-01-13,-0.1757602453722251
2023-01-17,-0.1855228364658687
2023-01-18,-0.19960541146622734
2023-01-19,-0.1919858790315742
2023-01-20,-0.18940066207332384
2023-01-23,-0.2022586881547655
2023-01-24,-0.19555753483905794
2023-01-25,-0.18909449227335257
2023-01-26,-0.1859990569453953
2023-01-27,-0.19970746806621792
2023-01-30,-0.19569358864891048
2023-01-31,-0.19218999223155506
2023-02-01,-0.1999115812661989
2023-02-02,-0.1994693576563752
2023-02-03,-0.24028848618927617
2023-02-06,-0.24562897112549129
2023-02-07,-0.2476699082140866
2023-02-08,-0.23916592855978577
2023-02-09,-0.24835024223375313
2023-02-10,-0.2504932355821798
2023-02-13,-0.25784066073728745
2023-02-14,-0.25702433787817297
2023-02-15,-0.26709303346122415
2023-02-16,-0.2623988200242501
2023-02-17,-0.26205865335457584
2023-02-21,-0.2561058934486634
2023-02-22,-0.26318121064390704
2023-02-23,-0.2754949565155344
2023-02-24,-0.29226480541429306
2023-02-27,-0.29689095946113875
2023-02-28,-0.2869923148978019
2023-03-01,-0.28706037428793035
2023-03-02,-0.29362540848322166
2023-03-03,-0.28250221466080866
2023-03-06,-0.28620998924854923
2023-03-07,-0.3178447391370784
2023-03-08,-0.3195115766362238
2023-03-09,-0.3188312426165573
2023-03-10,-0.306925658174487
2023-03-13,-0.25869111040691367
2023-03-14,-0.2540648917298226
2023-03-15,-0.25933738224631375
2023-03-16,-0.26566437134232607
2023-03-17,-0.23971020876960006
2023-03-20,-0.23351927348344018
2023-03-21,-0.24062865319910942
2023-03-22,-0.22868907120701823
2023-03-23,-0.2127356101377787
2023-03-24,-0.2092319487500188
2023-03-27,-0.21579698328546937
2023-03-28,-0.20661273458190646
2023-03-29,-0.20484390511301612
2023-03-30,-0.18695149858476698
2023-03-31,-0.18103273622887586
2023-04-03,-0.18562489306585955
2023-04-04,-0.14885370613053273
2023-04-05,-0.15086064600926605
2023-04-06,-0.14875164953054218
2023-04-10,-0.15484046324630704
2023-04-11,-0.14514593154279198
2023-04-12,-0.1358596262392388
2023-04-13,-0.11987210298973254
2023-04-14,-0.13517929221957212
2023-04-17,-0.14779920789117093
2023-04-18,-0.14116611430575102
2023-04-19,-0.13715223488844375
2023-04-20,-0.1370841754983153
2023-04-21,-0.1477992078911712
2023-04-24,-0.1391931716368801
2023-04-25,-0.15378596500694564
2023-04-26,-0.15399007820692637
2023-04-27,-0.15018031198959966
2023-04-28,-0.14963603177978538
2023-05-01,-0.1492958647699521
2023-05-02,-0.1358596262392388
2023-05-03,-0.133410463090841
2023-05-04,-0.1143955639035062
2023-05-05,-0.12432820601686408
2023-05-08,-0.1279679212144764
2023-05-09,-0.12585892507591184
2023-05-10,-0.13392068112038882
2023-05-11,-0.17494392251311155
2023-05-12,-0.18389006080683148
2023-05-15,-0.1792979039698478
2023-05-16,-0.19256415645125102
2023-05-17,-0.19205387345129887
2023-05-18,-0.2007959635154424
2023-05-19,-0.18633922395522914
2023-05-22,-0.1933124848906414
2023-05-23,-0.20151029474497092
2023-05-24,-0.21372204898701247
2023-05-25,-0.22491330219955408
2023-05-26,-0.20947005915986222
2023-05-30,-0.21338188197717933
2023-05-31,-0.2015102947449712
2023-06-01,-0.18786994301427704
2023-06-02,-0.19576164803903975
2023-06-05,-0.19946935765637588
2023-06-06,-0.19810875492760635
2023-06-07,-0.20270091142443095
2023-06-08,-0.17463775271314014
2023-06-09,-0.17225664895487064
2023-06-12,-0.18412817121667432
2023-06-13,-0.19191781964144647
2023-06-14,-0.18212123133794086
2023-06-15,-0.18732566280446264
2023-06-16,-0.181032736228876
2023-06-20,-0.21106877263863355
2023-06-21,-0.22532146362911104
2023-06-22,-0.23681882201137855
2023-06-23,-0.2404925993892573
2023-06-26,-0.22426696538974897
2023-06-27,-0.21970887073303175
2023-06-28,-0.2221239720413223
2023-06-29,-0.2315463961251325
2023-06-30,-0.22409691437003457
2023-07-03,-0.22117153040195092
2023-07-05,-0.21093271882878084
2023-07-06,-0.22831484235707775
2023-07-07,-0.21450443960666918
2023-07-10,-0.21249749972793572
2023-07-11,-0.21470848783624544
2023-07-12,-0.1795700765599564
2023-07-13,-0.1574937395946854
2023-07-14,-0.14912581375023687
2023-07-17,-0.1549085226364349
2023-07-18,-0.14674470999196737
2023-07-19,-0.14215255315498357
2023-07-20,-0.15623512815534232
2023-07-21,-0.15987484369311372
2023-07-24,-0.16878698477697177
2023-07-25,-0.16048711798249274
2023-07-26,-0.15555479447583487
2023-07-27,-0.1755901943525107
2023-07-28,-0.171032034725389
2023-07-31,-0.1545683556266018
2023-08-01,-0.1765426359918822
2023-08-02,-0.1919858790315742
2023-08-03,-0.19770052852764367
2023-08-04,-0.19664603028828173
2023-08-07,-0.21280360455750225
2023-08-08,-0.22726040908811998
2023-08-09,-0.2295394562463989
2023-08-10,-0.22627390526848173
2023-08-11,-0.22872306841687967
2023-08-14,-0.22974356944637964
2023-08-15,-0.23141034231527968
2023-08-16,-0.23532216513259666
2023-08-17,-0.2288591222267321
2023-08-18,-0.22800873752751036
2023-08-21,-0.20729300363116798
2023-08-22,-0.2033471832638298
2023-08-23,-0.17127014513523156
2023-08-24,-0.1764405793918915
2023-08-25,-0.1761344745623248
2023-08-28,-0.17552213496238211
2023-08-29,-0.15718756979471385
2023-08-30,-0.15865029443403764
2023-08-31,-0.16756243551789557
2023-09-01,-0.1757262481623631
2023-09-05,-0.19865297016701505
2023-09-06,-0.21062661399921376
2023-09-07,-0.21933464188309082
2023-09-08,-0.22130758421180308
2023-09-11,-0.2141302104165689
2023-09-12,-0.21331382258704992
2023-09-13,-0.2206272501921364
2023-09-14,-0.22620591084875802
2023-09-15,-0.21334788476731653
2023-09-18,-0.20974216677956622
2023-09-19,-0.211034775428771
2023-09-20,-0.19793863893748664
2023-09-21,-0.20253079577447033
2023-09-22,-0.19736036151781053
2023-09-25,-0.21270154795751198
2023-09-26,-0.21933464188309082
2023-09-27,-0.23542422173258737
2023-09-28,-0.2341316130833826
2023-09-29,-0.2436220315869169
2023-10-02,-0.27825022483365813
2023-10-03,-0.2796108925328323
2023-10-04,-0.28716243088792065
2023-10-05,-0.2908361432953949
2023-10-06,-0.2672970816908003
2023-10-09,-0.2604599398758041
2023-10-10,-0.25926938782658976
2023-10-11,-0.25311245009045125
2023-10-12,-0.25872510761677564
2023-10-13,-0.22692024207828684
2023-10-16,-0.2309000593153278
2023-10-17,-0.22229402306103657
2023-10-18,-0.21953875508307194
2023-10-19,-0.2214777002019222
2023-10-20,-0.20569429015239693
2023-10-23,-0.21518470865593112
2023-10-24,-0.2183142058239956
2023-10-25,-0.2218178022413509
2023-10-26,-0.22487924001928694
2023-10-27,-0.2254575174389632
2023-10-30,-0.20804139670080418
2023-10-31,-0.22304241647083156
2023-11-01,-0.22834890419718454
2023-11-02,-0.2261038542487676
2023-11-03,-0.21079666501892802
2023-11-06,-0.21256549414765927
2023-11-07,-0.23436972349322543
2023-11-08,-0.22964151284638934
2023-11-09,-0.2233825834806647
2023-11-10,-0.2443363628164453
2023-11-13,-0.2414790378983309
2023-11-14,-0.21494659824608786
2023-11-15,-0.20113613052527485
2023-11-16,-0.1872916655945998
2023-11-17,-0.19011499296269302
2023-11-20,-0.19793863893748623
2023-11-21,-0.18895843846349988
2023-11-22,-0.19477514421940068
2023-11-24,-0.17242669997458407
2023-11-27,-0.16075922560219758
2023-11-28,-0.15198313832819207
2023-11-29,-0.1471528714215246
2023-11-30,-0.1396353952467027
2023-12-01,-0.13262807247118294
2023-12-04,-0.16473910780964315
2023-12-05,-0.17678074640172492
2023-12-06,-0.18739372219459025
2023-12-07,-0.1927342074709646
2023-12-08,-0.21862031065356227
2023-12-11,-0.22535546083897248
2023-12-12,-0.22688617989802012
2023-12-13,-0.22991362046609418
2023-12-14,-0.18035240220920876
2023-12-15,-0.1880399940339905
2023-12-18,-0.1893666648634617
2023-12-19,-0.18225728514779244
2023-12-20,-0.17181442534504596
2023-12-21,-0.17317509304422013
2023-12-22,-0.17375330549349177
2023-12-26,-0.17871969152057532
2023-12-27,-0.1708619837056746
2023-12-28,-0.17905979356000398
2023-12-29,-0.1886182714536666
2024-01-02,-0.1927002102611026
2024-01-03,-0.21947076032318863
2024-01-04,-0.21800803602402405
2024-01-05,-0.2134839385771688
2024-01-08,-0.2135519329968928
2024-01-09,-0.22089942278224567
2024-01-10,-0.22157969183150777
2024-01-11,-0.23338321967358747
2024-01-12,-0.21212327053783558
2024-01-16,-0.21991291930276693
2024-01-17,-0.23409755090311615
2024-01-18,-0.2289611788267228
2024-01-19,-0.23222672980463985
2024-01-22,-0.24610519194517683
2024-01-23,-0.24028848618927603
2024-01-24,-0.22596780043891518
2024-01-25,-0.22416490912991735
2024-01-26,-0.22596780043891504
2024-01-29,-0.21293965836735454
2024-01-30,-0.21399415660671647
2024-01-31,-0.21589903954530015
2024-02-01,-0.21321183095746382
2024-02-02,-0.2278046243275295
2024-02-05,-0.2402544889794139
2024-02-06,-0.23828154631054244
2024-02-07,-0.24219336912785958
2024-02-08,-0.23243077837437517
2024-02-09,-0.23368938947355875
2024-02-12,-0.22753251670782454
2024-02-13,-0.2483842394436147
2024-02-14,-0.24039054278926617
2024-02-15,-0.22062725019213625
2024-02-16,-0.20270091142442984
2024-02-20,-0.21402815381657833
2024-02-21,-0.22270224946099815
2024-02-22,-0.22562763342908176
2024-02-23,-0.21868837004369057
2024-02-26,-0.23406355369325416
2024-02-27,-0.23385944049327315
2024-02-28,-0.23770326889086632
2024-02-29,-0.22899517603658465
2024-03-01,-0.2125314969377973
2024-03-04,-0.19113549399219285
2024-03-05,-0.19167970923160266
2024-03-06,-0.17436564509343433
2024-03-07,-0.17103203472538872
2024-03-08,-0.17208653296475065
2024-03-11,-0.1662018324489668
2024-03-12,-0.17701885681156762
2024-03-13,-0.15099669981911765
2024-03-14,-0.15388802160693482
2024-03-15,-0.1427988249943838
2024-03-18,-0.14650659958212467
2024-03-19,-0.15082658382899905
2024-03-20,-0.15188108206836098
2024-03-21,-0.1547384066463162
2024-03-22,-0.16007895655293577
2024-03-25,-0.15827606524393792
2024-03-26,-0.16718827129820044
2024-03-27,-0.16235800405137393
2024-03-28,-0.15650723577504744
2024-04-01,-0.15116675083883246
2024-04-02,-0.1222532070881607
2024-04-03,-0.08344108340439767
2024-04-04,-0.07680798947881853
2024-04-05,-0.06796384281468446
2024-04-08,-0.05735086702181898
2024-04-09,-0.051261988335649655
2024-04-10,-0.04888088457738015
2024-04-11,-0.041567456632134625
2024-04-12,-0.03888024804429829
2024-04-15,-0.02540994733331841
2024-04-16,-0.03673718972546704
2024-04-17,-0.035784748086095525
2024-04-18,-0.03636302550577164
2024-04-19,-0.020069397426698547
2024-04-22,-0.0743248291205582
2024-04-23,-0.07031094970325064
2024-04-24,-0.07054906011309348
2024-04-25,-0.0699367854835555
2024-04-26,-0.07337238748118681
2024-04-29,-0.06888228724419357
2024-04-30,-0.10228586626145411
2024-05-01,-0.09895232086381323
2024-05-02,-0.09575482927602477
2024-05-03,-0.10044904271299887
2024-05-06,-0.06901834105404613
2024-05-07,-0.0712633910024632
2024-05-08,-0.06929044867375095
2024-05-09,-0.043064178481319985
2024-05-10,-0.03819991402463148
2024-05-13,-0.04003673791324593
2024-05-14,-0.03105653743925929
2024-05-15,0.0
2024-05-16,0.0
2024-05-17,0.0
2024-05-20,0.0
2024-05-21,-0.010464268928749881
2024-05-22,-0.02825653464650032
2024-05-23,-0.059649163820587825
2024-05-24,-0.05822082917111888
2024-05-28,-0.00726598809822209
2024-05-29,-6.218661345114537e-05
2024-05-30,-0.02536877173032592
2024-05-31,-0.05924548460117254
2024-06-03,-0.04856391837068851
2024-06-04,-0.08436580672599181
2024-06-05,-0.07008233975312256
2024-06-06,-0.02974699691237361
2024-06-07,-0.08911667712828682
2024-06-10,-0.0756405089761796
2024-06-11,-0.0953889841775548
2024-06-12,-0.06300267395451345
2024-06-13,-0.09982927735793881
2024-06-14,-0.0870362130328747
2024-06-17,-0.08942713573508272
2024-06-18,-0.08383799150990452
2024-06-20,-0.044372075106321955
2024-06-21,-0.08172649372583499
2024-06-24,-0.08433477272682396
2024-06-25,-0.10458008845267609
2024-06-26,-0.10234439505386603
2024-06-27,-0.1020649704462382
2024-06-28,-0.09215966934785905
2024-07-01,-0.09020345986423427
2024-07-02,-0.08855770929791597
2024-07-03,-0.05145168128686266
2024-07-05,-0.025368771730325538
2024-07-08,-0.04927811550445693
2024-07-09,-0.04449627041055156
2024-07-10,-0.04589357137136321
2024-07-11,-0.025182508427759737
2024-07-12,-0.04095643766650241
2024-07-15,-0.04760133062846011
2024-07-16,-0.03136165448247676
2024-07-17,-0.06421371161275892
2024-07-18,-0.06862291148641723
2024-07-19,-0.09678628513836646
2024-07-22,-0.09566840878518262
2024-07-23,-0.0954200181767229
2024-07-24,-0.09591685870119983
2024-07-25,-0.1365627191457915
2024-07-26,-0.1349169685794733
2024-07-29,-0.13979203428599804
2024-07-30,-0.11923620064579227
2024-07-31,-0.10641210232156006
2024-08-01,-0.12029194969308243
2024-08-02,-0.12293126269323951
2024-08-05,-0.15926102557218808
2024-08-06,-0.15863998974348129
2024-08-07,-0.16689959958309974
2024-08-08,-0.1460953753344344
2024-08-09,-0.14649905455384968
2024-08-12,-0.1331470817059723
2024-08-13,-0.14004042489445814
2024-08-14,-0.15373394934534618
2024-08-15,-0.11995039777956146
2024-08-16,-0.10641210232156045
2024-08-19,-0.09206650804279727
2024-08-20,-0.08539052177411413
2024-08-21,-0.08473845194623925
2024-08-22,-0.09933243683346189
2024-08-23,-0.0751126344525347
2024-08-26,-0.06918187931678807
2024-08-27,-0.06998917844806105
2024-08-28,-0.0940537512150796
2024-08-29,-0.08222333393980123
2024-08-30,-0.10787147128070816
2024-09-03,-0.13209133296919295
2024-09-04,-0.12538431239083067
2024-09-05,-0.10821308250178713
2024-09-06,-0.1365316261495767
2024-09-09,-0.12153396173242799
2024-09-10,-0.12258971077971816
2024-09-11,-0.11308808859024347
2024-09-12,-0.07644780810745244
2024-09-13,-0.04676299780852997
2024-09-16,-0.04452730440971991
2024-09-17,-0.04924708150528922
2024-09-18,-0.05787927725759726
2024-09-19,-0.034497808007110886
2024-09-20,-0.031951596693947426
2024-09-23,-0.044651499713949896
2024-09-24,-0.002918856222899972
2024-09-25,-0.015742954547132305
2024-09-26,-0.005589203222225269
2024-09-27,-0.021301123770189476
2024-09-30,-0.032324241914194744
2024-10-01,-0.023598885167335732
2024-10-02,-0.017916520329538152
2024-10-03,-0.0004968995215239808
2024-10-04,-0.0023910410068128094
2024-10-07,-0.014283526280427235
2024-10-08,-0.057444564039014386
2024-10-09,-0.05527099794609812
2024-10-10,-0.03726137561905593
2024-10-11,-0.02127003046346403
2024-10-14,-0.03483935992063301
2024-10-15,-0.021052673854172404
2024-10-16,-0.013817779062676137
2024-10-17,-0.019624339204703578
2024-10-18,0.0
2024-10-21,0.0
2024-10-22,0.0
2024-10-23,-0.03419373105084632
2024-10-24,-0.0350263034413693
2024-10-25,-0.035255967238160504
2024-10-28,-0.028738750343498633
2024-10-29,-0.016135059267523986
2024-10-30,-0.02632711625567144
2024-10-31,-0.0625305423318568
2024-11-01,-0.06571736027911282
2024-11-04,-0.06749739179476147
2024-11-05,-0.06247315380076265
2024-11-06,-0.1036433199545391
2024-11-07,-0.08802508619700525
2024-11-08,-0.09968137298406149
2024-11-11,-0.12319486096611008
2024-11-12,-0.11900319564973472
2024-11-13,-0.12175938026895557
2024-11-14,-0.12411362582568851
2024-11-15,-0.1280468785306191
2024-11-18,-0.10530851928469173
2024-11-19,-0.10401656475148001
2024-11-20,-0.1112515221382692
2024-11-21,-0.11251472756972676
2024-11-22,-0.1011168536812159
2024-11-25,-0.13266923229833724
2024-11-26,-0.12755880183528276
2024-11-27,-0.13551149971419948
2024-11-29,-0.1190319444643884
2024-12-02,-0.12580751970848886
2024-12-03,-0.10777759702692091
2024-12-04,-0.09548970738058565
2024-12-05,-0.10614109167521482
2024-12-06,-0.10464816761075926
2024-12-09,-0.07507684487673764
2024-12-10,-0.07085648500771491
2024-12-11,-0.065143146238029
2024-12-12,-0.10344235042329548
2024-12-13,-0.11989321112045886
2024-12-16,-0.11868739422009544
2024-12-17,-0.12224745696429239
2024-12-18,-0.1269271989760041
2024-12-19,-0.16470963248748757
2024-12-20,-0.14845974103446757
2024-12-23,-0.14191382987425868
2024-12-24,-0.1394447524191302
2024-12-26,-0.13734891947384192
2024-12-27,-0.14860326719841002
2024-12-30,-0.16436508195609356
2024-12-31,-0.16913096188775426
2025-01-02,-0.14955072632353555
2025-01-03,-0.1442680754309915
2025-01-06,-0.12887950575734933
2025-01-07,-0.125864908239583
2025-01-08,-0.12572138207564043
2025-01-09,-0.11598865268107506
2025-01-10,-0.10737565796443287
2025-01-13,-0.13608571404238437
2025-01-14,-0.1349085911204676
2025-01-15,-0.1008297468042241
2025-01-16,-0.09497288158349504
2025-01-17,-0.11139504830221188
2025-01-21,-0.10105941060101507
2025-01-22,-0.10312654899365574
2025-01-23,-0.11937644015957505
2025-01-24,-0.10932790962247085
2025-01-27,-0.1314059717435722
2025-01-28,-0.1178261275640251
2025-01-29,-0.10315524325920264
2025-01-30,-0.07082779074216732
2025-01-31,-0.0776033656991673
2025-02-03,-0.07002391261719158
2025-02-04,-0.05578366164040406
2025-02-05,-0.05667373223443558
2025-02-06,-0.0664063516694861
2025-02-07,-0.0716603631326903
2025-02-10,-0.07002391261719158
2025-02-11,-0.07464621154870235
2025-02-12,-0.06132472543149361
2025-02-13,-0.06261662512849842
2025-02-14,-0.05828148819728681
2025-02-18,-0.04346702317941535
2025-02-19,-0.0527691189588451
2025-02-20,-0.03982087763857714
2025-02-21,-0.05325714081797441
2025-02-24,-0.06476990144108785
2025-02-25,-0.0869914894390314
2025-02-26,-0.07401460868942357
2025-02-27,-0.08699148943903152
2025-02-28,-0.10370076332184074
2025-03-03,-0.0803594406459741
2025-03-04,-0.07817747035493788
2025-03-05,-0.05664492829647429
2025-03-06,-0.050759423646405476
2025-03-07,-0.06554508501341634
2025-03-10,-0.07338289615773051
2025-03-11,-0.05578366164040441
2025-03-12,-0.03867244898220786
2025-03-13,-0.022393918099847757
2025-03-14,-0.018489305111357737
2025-03-17,-0.02173351158970791
2025-03-18,-0.007235011935896099
2025-03-19,-0.024575888677984326
2025-03-20,-0.030002065447370597
2025-03-21,-0.04424220675174384
2025-03-24,-0.0449600020800783
2025-03-25,-0.023800704818555608
2025-03-26,-0.022910634224524086
2025-03-27,0.0
2025-03-28,-0.007249859719744211
2025-03-31,-0.012608494657690891
2025-04-01,-0.02117656026457843
2025-04-02,-0.011404957941919553
2025-04-03,-0.08748601759437893
2025-04-04,-0.1656589462137639
2025-04-07,-0.15436854826477522
2025-04-08,-0.1520188098487558
2025-04-09,-0.1310714243025389
2025-04-10,-0.12109923224069402
2025-04-11,-0.08805914595403162
2025-04-14,-0.08037941259829819
2025-04-15,-0.07651082382344931
2025-04-16,-0.05648051999161875
2025-04-17,-0.07098034889610601
2025-04-21,-0.06880250520198272
2025-04-22,-0.0577986167003211
2025-04-23,-0.03951622848068234
2025-04-24,-0.04054792520705682
2025-04-25,-0.05467521520451977
2025-04-28,-0.054646465741288126
2025-04-29,-0.046479578753099854
2025-04-30,-0.06779955793884022
2025-05-01,-0.0775998002597318
2025-05-02,-0.08333091937220348
2025-05-05,-0.07714123217956796
2025-05-06,-0.05112188534022992
2025-05-07,-0.06779955793884035
2025-05-08,-0.07218388561187734
2025-05-09,-0.06364445971666466
2025-05-12,-0.07189726669955124
2025-05-13,-0.05814251560911271
2025-05-14,-0.07653946382168235
2025-05-15,-0.06923232410547264
2025-05-16,-0.07848807806494433
2025-05-19,-0.07404647039544171
2025-05-20,-0.054933084653613885
2025-05-21,-0.04109230410347786
2025-05-22,-0.0530131101220271
2025-05-23,-0.041694072461363356
2025-05-27,-0.0501762180735527
2025-05-28,-0.054359956293961086
2025-05-29,-0.046250349302238314
2025-05-30,-0.057454827256528666
2025-06-02,-0.009571012870029911
2025-06-03,-0.011290397948988314
2025-06-04,-0.010831829582266752
2025-06-05,0.0
2025-06-06,0.0
2025-06-09,0.0
2025-06-10,-0.003979500410882688
2025-06-11,-0.01422806813785379
2025-06-12,-0.012946971312028183
2025-06-13,-0.011093586540429273
2025-06-16,-0.00842232098435548
2025-06-17,0.0
2025-06-18,-0.006039337263254145
2025-06-20,-0.030035006888507566
2025-06-23,-0.02526288126747278
2025-06-24,-0.03744944552123453
2025-06-25,-0.027096281098289474
2025-06-26,-0.013588611700234864
2025-06-27,-0.02839043935673851
2025-06-30,-0.03337824090033056
2025-07-01,-0.027177120946978616
2025-07-02,-0.017902438859925447
2025-07-03,-0.00825019543711175
2025-07-04,-0.008492817975898688
2025-07-07,-0.012806645135589273
2025-07-08,-0.016662173833935767
2025-07-09,-0.019924465004349665
2025-07-10,-0.0014020477160876968
2025-07-11,0.0
2025-07-14,-0.0055330669471587365
2025-07-15,-0.02177058352775523
2025-07-16,-0.02127929666656011
2025-07-17,-0.016030586177476183
2025-07-18,-0.01171266768392789
2025-07-21,0.0
2025-07-22,0.0
2025-07-23,-0.0010681538741384418
2025-07-24,-0.007604267099626634
2025-07-25,-0.029323496416334742
2025-07-28,-0.0329094282859086
2025-07-29,-0.03143438631090201
2025-07-30,-0.04460828621130651
2025-07-31,-0.07039678463435929
2025-08-01,-0.06442016683545927
2025-08-04,-0.05411999915506654
2025-08-05,-0.04153101304360697
2025-08-06,-0.03952189375004567
2025-08-07,-0.02955235882912611
2025-08-08,-0.022965408878923958
2025-08-11,-0.04216686045452039
2025-08-12,-0.0361394059309063
2025-08-13,-0.020879937601037717
2025-08-14,-0.034028516290662766
2025-08-15,-0.03626649774269171
2025-08-18,-0.03481687413004199
2025-08-19,-0.05236516063665347
2025-08-20,-0.04107319106644702
2025-08-21,-0.03288400992355152
2025-08-22,-0.008062089076786579
2025-08-25,-0.016353040566364108
2025-08-26,-0.018769047960793563
2025-08-27,-0.016047825914924076
2025-08-28,-0.003306232477744804
2025-08-29,0.0
2025-09-02,0.0
2025-09-03,0.0
2025-09-04,-0.015189459408167835
2025-09-05,-0.011265671176828966
2025-09-08,-0.00279238193882414
2025-09-09,-0.015983859055344083
2025-09-10,-0.00984546728063633
2025-09-11,0.0
2025-09-12,0.0
2025-09-15,0.0
2025-09-16,-0.0010818642390099849
2025-09-17,-0.018698360702170878
2025-09-18,-0.019051146425605344
2025-09-19,0.0
2025-09-22,0.0
2025-09-23,0.0
2025-09-24,-0.009390860278245816
2025-09-25,0.0
2025-09-26,0.0
2025-09-29,0.0
2025-09-30,-0.00770190431163499
2025-10-01,0.0
2025-10-02,-0.02727851332002047
2025-10-03,0.0
2025-10-06,0.0
2025-10-07,-0.018780414007118985
2025-10-08,0.0
2025-10-09,-0.03711772085042668
2025-10-10,-0.03530907930156746
2025-10-13,0.0
2025-10-14,0.0
2025-10-15,0.0
2025-10-16,0.0
2025-10-17,-0.05957792789728478
2025-10-20,-0.03590893334461695
2025-10-21,-0.10510529723092413
2025-10-22,-0.10489788195365148
2025-10-23,-0.08564208875231645
2025-10-24,-0.0876223528331214
2025-10-27,-0.12185275606821137
2025-10-28,-0.11123472723854404
2025-10-29,-0.09999430924303065
2025-10-30,-0.08666045891643143
2025-10-31,-0.09484562251977981
2025-11-03,-0.09684473596826339
2025-11-04,-0.11114040835594144
2025-11-05,-0.09731625833706778
2025-11-06,-0.09861758496039312
2025-11-07,-0.09441187093054185
2025-11-10,-0.05367483420163018
2025-11-11,-0.04535765298032166
2025-11-12,0.0
2025-11-13,-0.004837609999035211
2025-11-14,-0.051413795516161466
2025-11-17,-0.0507575319310545
2025-11-18,-0.05403884966908494
2025-11-19,-0.047663687377287815
2025-11-20,-0.0578451780876964
2025-11-21,-0.06485786362134854
2025-11-24,-0.056945220851083785
2025-11-25,-0.044963672601375036
2025-11-26,-0.00780020164827611
2025-11-28,0.0
2025-12-01,0.0
2025-12-02,-0.007446293358824165
2025-12-03,-0.008507614882580117
2025-12-04,-0.02689238196500134
2025-12-05,0.0
2025-12-08,-0.01100615436315986
2025-12-09,0.0
2025-12-10,0.0
2025-12-11,0.0
2025-12-12,-0.040153941182705065
2025-12-15,-0.015470321870359733
2025-12-16,-0.01922445327878136
2025-12-17,0.0
2025-12-18,-0.024835011431211463
2025-12-19,0.0
2025-12-22,0.0
2025-12-23,0.0
2025-12-24,0.0
2025-12-26,0.0
2025-12-29,-0.08668249411394292
2025-12-30,0.0
2025-12-31,-0.0935714556380141
2026-01-02,-0.08811746505977977
2026-01-05,-0.015638316248338426
2026-01-06,0.0
2026-01-07,-0.042158160827430305
2026-01-08,-0.07219664035862272
2026-01-09,-0.02043953948759753
2026-01-12,0.0
2026-01-13,0.0
2026-01-14,0.0
2026-01-15,0.0
2026-01-16,-0.04119678754689176
2026-01-20,0.0
2026-01-21,-0.021187633196185152
2026-01-22,0.0
2026-01-23,0.0
