Date,Returns
2016-11-10,0.019556531195468407
2016-11-14,-0.098258112273095
2016-11-15,0.00900625186377546
2016-11-16,-0.006753172501299365
2016-11-17,-0.009045754048724763
2016-11-18,-0.00882995124548569
2016-11-21,-0.006079680654347719
2016-11-22,0.006722387708846922
2016-11-23,-0.014437813974290448
2016-11-25,0.004944227727989414
2016-11-28,0.006924101381992731
2016-11-29,0.005006647029552225
2016-11-30,-0.015305153995174847
2016-12-01,0.001280014008338215
2016-12-02,0.01984538923770196
2016-12-05,0.004237995517108795
2016-12-06,-0.004992845518052125
2016-12-07,0.027658264418243705
2016-12-08,-0.01034700338364436
2016-12-09,-0.007518370799235341
2016-12-12,0.012960872835116266
2016-12-13,-0.011977093324499366
2016-12-14,0.014251146589545405
2016-12-15,-0.07316931486340927
2016-12-16,0.016103639995462826
2016-12-19,-0.007862366801428933
2016-12-20,0.0017472720345041992
2016-12-21,-0.008471447788667708
2016-12-22,-0.006470702260110928
2016-12-23,-0.007018597088068956
2016-12-27,0.014327523132072306
2016-12-28,0.003703937495787013
2016-12-29,0.010945721220644078
2016-12-30,-0.01404443719947479
2017-01-03,0.026355486535279526
2017-01-04,0.008742947061099793
2017-01-05,0.005151771450786491
2017-01-06,-0.007115293815283419
2017-01-09,0.009959890925783865
2017-01-10,0.01040290732041127
2017-01-11,-0.0011901773846982877
2017-01-12,-0.00017876779063163983
2017-01-13,-0.0035757674334161438
2017-01-17,0.022846889100738954
2017-01-18,0.00777694629864345
2017-01-19,-0.015549843371894245
2017-01-20,0.0017681789167072193
2017-01-23,0.009001581593246488
2017-01-24,-5.827696922122705e-05
2017-01-25,-0.011954045598449592
2017-01-26,-0.007672394839390195
2017-01-27,0.01700970702676119
2017-01-30,0.001286512252112626
2017-01-31,0.022777677603212032
2017-02-01,-0.005253486441898825
2017-02-02,-0.0010332749665521446
2017-02-03,0.002930621695197866
2017-02-06,0.012261543626469695
2017-02-07,0.0037357774762234452
2017-02-08,-0.0028195590460674547
2017-02-09,0.0020923343792507154
2017-02-10,0.010835291053970186
2017-02-13,-0.006029466615707357
2017-02-14,0.003819303906627214
2017-02-15,0.00419655109059458
2017-02-16,0.006463432705648975
2017-02-17,-0.002435953643232569
2017-02-21,-0.001609375184440598
2017-02-22,-0.0026681673492873204
2017-02-23,0.009530790064499195
2017-02-24,0.012256291025066313
2017-02-27,0.0010363245679529953
2017-02-28,0.0035959458252352583
2017-03-01,0.0012486813192238433
2017-03-02,-0.04001522737016594
2017-03-03,-0.0004518170028886548
2017-03-06,0.0015821822460817536
2017-03-07,-0.013145263469946489
2017-03-08,-0.01343474743927775
2017-03-09,-0.015298136435008547
2017-03-10,-0.006473289578402985
2017-03-13,0.0030800243905948488
2017-03-14,-0.0027752572465832293
2017-03-15,0.0
2017-03-16,0.024159108725843037
2017-03-17,0.004798807947238526
2017-03-20,0.0013809868462217878
2017-03-21,0.00844678279685196
2017-03-22,-0.00028485243398779225
2017-03-23,0.0010259133609533677
2017-03-24,0.008939223504730753
2017-03-27,0.020316062303503468
2017-03-28,0.00801993698238923
2017-03-29,0.00016462331618338766
2017-03-30,-0.002359072223512948
2017-03-31,0.0027495816033695775
2017-04-03,-0.0024129766124532104
2017-04-04,0.0061019223859071214
2017-04-05,-0.007430864366105183
2017-04-06,0.003247826092607431
2017-04-07,-0.005212686859762949
2017-04-10,-0.013017102643925416
2017-04-11,0.01894493780319917
2017-04-12,0.00252287229224879
2017-04-13,0.011488648049531758
2017-04-17,0.00021632916495084586
2017-04-18,-0.013086063894847788
2017-04-19,-0.006301012189225408
2017-04-20,-0.007939959337273317
2017-04-21,-0.009004038171279372
2017-04-24,0.0010095148671207532
2017-04-25,-0.014959670911735556
2017-04-26,-0.012968473816628023
2017-04-27,-0.0050712410968942745
2017-04-28,-0.004286093982885375
2017-05-01,-0.02390781749044013
2017-05-02,-0.000655637040978152
2017-05-03,-0.01681672163725012
2017-05-04,-0.014738887439925796
2017-05-05,-0.0017852333740654425
2017-05-08,-0.0009867869165576248
2017-05-09,-0.01179085048919759
2017-05-10,0.008933011942850344
2017-05-11,0.003591143789224427
2017-05-12,0.008452158870213777
2017-05-15,0.01315307360745388
2017-05-16,0.007970530974226397
2017-05-17,0.009524859670242858
2017-05-18,-0.013707512453679627
2017-05-19,0.007761248285255817
2017-05-22,0.023462665671641902
2017-05-23,-0.0030333110343381264
2017-05-24,-0.0008191410875699745
2017-05-25,0.004391917286013625
2017-05-26,0.007637623409271432
2017-05-30,0.006075307193684987
2017-05-31,-0.001150244964134961
2017-06-01,-0.007197144160760338
2017-06-02,0.014150639655250208
2017-06-05,0.0034311992726761
2017-06-06,0.007408625600177965
2017-06-07,-0.005091370693298125
2017-06-08,-0.011542566172154545
2017-06-09,-0.010987113519906444
2017-06-12,-0.01622760525680167
2017-06-13,-0.010405503995413401
2017-06-14,0.02204561242802705
2017-06-15,-0.024317551966379636
2017-06-16,-0.0032952070017316926
2017-06-19,-0.009196915300734076
2017-06-20,-0.005156772494773865
2017-06-21,-0.00262234285351326
2017-06-22,0.008254370761052288
2017-06-23,0.008368738139770127
2017-06-26,-0.004089535057536731
2017-06-27,0.0009662282917934917
2017-06-28,0.00838561403469007
2017-06-29,-0.007717601486231684
2017-06-30,-0.001085231491770089
2017-07-03,-0.03204974074605893
2017-07-05,-0.012159421461294673
2017-07-06,0.00536548667758785
2017-07-07,-0.034909258382277764
2017-07-10,0.013401819407551363
2017-07-11,0.007703658767364896
2017-07-12,0.0090463275830317
2017-07-13,-0.012437625677719888
2017-07-14,0.015471142878517474
2017-07-17,0.010450731672194014
2017-07-18,0.010716566239538539
2017-07-19,0.0017876544066994793
2017-07-20,0.002953685411637874
2017-07-21,0.006810237525624263
2017-07-24,-0.0007312084161901211
2017-07-25,0.006037261596119725
2017-07-26,-0.004970529265462598
2017-07-27,0.006944770247384158
2017-07-28,0.008167477492419861
2017-07-31,0.005160852272610095
2017-08-01,-0.0013133946268656382
2017-08-02,-0.0018531885948086524
2017-08-03,-0.0061688109789540535
2017-08-04,-0.022417725873115635
2017-08-07,-6.161077503441525e-05
2017-08-08,0.008569134717876903
2017-08-09,0.028973044151983096
2017-08-10,0.01199950543185313
2017-08-11,0.00029355894608418254
2017-08-14,0.003051466396981173
2017-08-15,-0.02357689523977491
2017-08-16,0.013600915685531234
2017-08-17,0.006679722835156943
2017-08-18,-0.0029360627113398374
2017-08-21,0.0008834688107417499
2017-08-22,-0.0019418033756329889
2017-08-23,0.004126854171321526
2017-08-24,-0.004697036867413629
2017-08-25,0.005073174358475763
2017-08-28,0.023066066877728275
2017-08-29,-0.0005162566762607623
2017-08-30,-0.001033265932751215
2017-08-31,0.004366824461375041
2017-09-01,0.013672787545164766
2017-09-05,0.007110979795447614
2017-09-06,-0.0016250675887528043
2017-09-07,0.011225907623737985
2017-09-08,0.0006105505962525903
2017-09-11,-0.012203983732861134
2017-09-12,-0.0006738434622528544
2017-09-13,-0.001292538347659411
2017-09-14,-0.004163820203963775
2017-09-15,-0.004915803494507376
2017-09-18,-0.03066270559083739
2017-09-19,0.007263812674960013
2017-09-20,0.0032567467874142775
2017-09-21,-0.018201796418235938
2017-09-22,-0.0020074623285105675
2017-09-25,0.009229139271578868
2017-09-26,-0.01494807255413777
2017-09-27,-0.0033326384888869853
2017-09-28,0.0014928069745145933
2017-09-29,-0.009896879680095783
2017-10-02,-0.0013248190242858282
2017-10-03,-0.00024116431847265307
2017-10-04,-0.001085558210234705
2017-10-05,0.0011471955750614882
2017-10-06,0.009166476499123943
2017-10-09,0.0108761281317733
2017-10-10,0.01412865421922449
2017-10-11,-0.004313687964066171
2017-10-12,0.007610858544279564
2017-10-13,0.008366689693722451
2017-10-16,-0.0023047543105841894
2017-10-17,-0.018943171236506906
2017-10-18,-0.002590140770540428
2017-10-19,0.015227492650078611
2017-10-20,-0.010406421011258216
2017-10-23,0.0001175425963593213
2017-10-24,-0.006872684376858729
2017-10-25,-0.0023067108857722785
2017-10-26,-0.006165525836793528
2017-10-27,-0.0036984180518914167
2017-10-30,0.005987330381732381
2017-10-31,-0.009344101269658123
2017-11-01,0.029258005199238157
2017-11-02,-0.002218077869865831
2017-11-03,-0.017549972648706946
2017-11-06,0.02387751845642283
2017-11-07,-0.01686530998710345
2017-11-08,0.011889985317711238
2017-11-09,-0.009528826226122944
2017-11-10,-0.005843175670417922
2017-11-13,0.010626980615517478
2017-11-14,0.001703538082209688
2017-11-15,-0.005981661371153857
2017-11-16,0.006253628038185299
2017-11-17,0.017706381581234387
2017-11-20,-0.030591090339798455
2017-11-21,0.007250237265411741
2017-11-22,0.008968106400428333
2017-11-24,-0.007017071001280573
2017-11-27,0.001648894559566294
2017-11-28,-0.011640893110712258
2017-11-29,-0.021057645156905003
2017-11-30,-0.004557377205633872
2017-12-01,-0.005188565508219778
2017-12-04,-0.0007977228502193956
2017-12-05,-0.019098552097800203
2017-12-06,-0.006573564316448621
2017-12-07,-0.009642039306197225
2017-12-08,0.0013362971555554992
2017-12-11,-0.002478425892939451
2017-12-12,-0.007326226240479072
2017-12-13,0.012963716008985937
2017-12-14,0.004181448196111326
2017-12-15,0.008075666052444586
2017-12-18,0.008887292073792574
2017-12-19,-0.00334992910583487
2017-12-20,0.007593660534786162
2017-12-21,-0.0022238263281710857
2017-12-22,0.012691921405551865
2017-12-26,0.00996515904580253
2017-12-27,0.0059926765885816025
2017-12-28,0.012816731251260594
2017-12-29,0.013545551931543942
2018-01-02,0.003575663651530059
2018-01-03,0.0037380514523663866
2018-01-04,0.00023274426088759625
2018-01-05,0.0009308709502189316
2018-01-08,-0.008195335115119162
2018-01-09,-0.00750107630982666
2018-01-10,0.001594149663013411
2018-01-11,-0.004067691014836838
2018-01-12,0.010358775264762698
2018-01-16,0.0031050148957054713
2018-01-17,-0.000992886360130174
2018-01-18,-0.012394030733776984
2018-01-19,0.004854124885985023
2018-01-22,-0.0025920835944041043
2018-01-23,-0.00448882057039246
2018-01-24,0.0338178413263841
2018-01-25,0.007231068321125411
2018-01-26,-0.009629116530256332
2018-01-30,-0.02122882755936395
2018-01-31,0.011226707488327436
2018-02-01,-0.004998862918538349
2018-02-02,-0.025820740111308638
2018-02-05,-0.00221879699380656
2018-02-06,-0.005469054650408256
2018-02-07,-0.0206672083014956
2018-02-08,0.006664186980034348
2018-02-09,-0.012136813163674653
2018-02-12,0.02680572976597606
2018-02-13,-0.002477663110804773
2018-02-14,0.021263696046399216
2018-02-15,-0.004804803117864576
2018-02-16,-0.004887687780788963
2018-02-20,-0.0161725339930211
2018-02-21,0.010898073563624822
2018-02-22,-0.0015056383922242844
2018-02-23,-0.00621271711683602
2018-02-26,0.004005826091344478
2018-02-27,-0.011848576480035455
2018-02-28,-0.001345972659867578
2018-03-01,-0.00759609437378439
2018-03-02,0.011851816727939335
2018-03-05,-0.0032943423219332635
2018-03-06,0.02307509029437882
2018-03-07,-0.017170245134577655
2018-03-08,0.0004870538253913814
2018-03-09,0.006692547122907788
2018-03-12,-0.0045327488293480656
2018-03-13,0.005342683894141276
2018-03-14,-0.00555594962792938
2018-03-15,-0.006922840625292803
2018-03-16,-0.009233839301066804
2018-03-19,0.0032711702945438237
2018-03-20,-0.007997487955576199
2018-03-21,0.014387618604651209
2018-03-22,-0.0017730170189792505
2018-03-23,0.012371484015839096
2018-03-26,0.006170555096328689
2018-03-27,-0.008597862569621029
2018-03-28,-0.017223627538870745
2018-03-29,0.0011107466886060013
2018-04-02,0.024902992708394578
2018-04-03,-0.016840120067330266
2018-04-04,-0.008441945860828692
2018-04-05,0.006848051239050967
2018-04-06,0.0007353578571054342
2018-04-09,0.01022531303793306
2018-04-10,0.004060817489941693
2018-04-11,0.01038276531496174
2018-04-12,-0.01762457071732737
2018-04-13,0.01125095548937205
2018-04-16,0.0020447678294659433
2018-04-17,0.00660177023423536
2018-04-18,0.0273671331692682
2018-04-19,-0.0005223596732562008
2018-04-20,-0.004354939001127045
2018-04-23,-0.03359189546269392
2018-04-24,0.007000248986193336
2018-04-25,-0.012045317117981957
2018-04-26,0.00012136418735408938
2018-04-27,-0.004973357937480549
2018-04-30,-0.005729603145060103
2018-05-01,-0.016736188418417508
2018-05-02,0.015711753657532856
2018-05-03,0.004358181719199106
2018-05-04,0.004400471345570756
2018-05-07,-0.0012778331492299122
2018-05-08,-0.0015231596802809388
2018-05-09,0.004271399066817949
2018-05-10,0.013488888538826238
2018-05-11,-0.00023979076292968138
2018-05-14,-0.006356494734115037
2018-05-15,-0.022691578577814564
2018-05-16,0.00636042043185725
2018-05-17,0.0071178262051379
2018-05-18,-0.0015841698547334193
2018-05-21,0.003966591410931475
2018-05-22,0.003403826960691969
2018-05-23,-0.010298042523192774
2018-05-24,0.017321640435321584
2018-05-25,-0.008423042389586466
2018-05-29,-0.010678998870754297
2018-05-30,0.01067155944138709
2018-05-31,-0.004672592971628475
2018-06-01,-0.0008535507641126427
2018-06-04,-0.0005492299079129515
2018-06-05,0.006837994504122369
2018-06-06,0.009156569470749165
2018-06-07,0.007451060480097915
2018-06-08,-0.004294435570748711
2018-06-11,0.012639298368669394
2018-06-12,-0.003312615067394109
2018-06-13,0.00617236478483596
2018-06-14,0.016103387856545304
2018-06-15,-0.04493208972706697
2018-06-18,-0.0024312546089608755
2018-06-19,-0.006641552255458039
2018-06-20,-0.0008587340016785738
2018-06-21,0.0010436613947577555
2018-06-22,0.008156471357632311
2018-06-25,-0.00796877100397786
2018-06-26,-0.0042923526855703775
2018-06-27,-0.006096866898369524
2018-06-28,-0.01164878435460237
2018-06-29,0.009591867468228044
2018-07-02,-0.022354673248142
2018-07-03,0.013211332845473045
2018-07-05,0.003510516624471993
2018-07-06,-0.001686623624328032
2018-07-09,0.004505321958905295
2018-07-10,-0.0031146353676768657
2018-07-11,-0.01693431891502073
2018-07-12,0.010551703935094192
2018-07-13,-0.010001222946300903
2018-07-16,-0.0002541876814702304
2018-07-17,-0.012011447987536839
2018-07-18,-0.0027659379454515465
2018-07-19,-0.010514100965383077
2018-07-20,0.009778332368530096
2018-07-23,-0.007876032395835342
2018-07-24,0.006181693767214336
2018-07-25,0.004526915129142273
2018-07-26,-0.0061160278156930925
2018-07-27,-0.00012954139363752226
2018-07-30,0.0025265943462333684
2018-07-31,0.0016154842898943311
2018-08-01,-0.006838706451612886
2018-08-02,-0.00422239702409255
2018-08-03,0.00502313703693158
2018-08-06,-0.007399735100872218
2018-08-07,0.0016348790409548286
2018-08-08,0.0038519297837531496
2018-08-09,0.0027965185276659366
2018-08-10,-0.009922814921494827
2018-08-13,-0.02050306067769181
2018-08-14,0.004815057156620339
2018-08-15,-0.04019967422801174
2018-08-16,0.019138757991485678
2018-08-17,-0.0055112861454771345
2018-08-20,0.0026682778817535002
2018-08-21,0.006550711140818288
2018-08-22,-0.0010847223622880708
2018-08-23,-0.014115998289748188
2018-08-24,0.01734699817861851
2018-08-27,0.004398103983255464
2018-08-28,-0.005187258200364919
2018-08-29,-0.005349798126230154
2018-08-30,-0.014365433951434192
2018-08-31,-0.0026939634836947723
2018-09-04,-0.02611164060466431
2018-09-05,0.004053777151482141
2018-09-06,-0.0030457727658752543
2018-09-07,-0.0005683424588265318
2018-09-10,0.0008530660174381755
2018-09-11,-0.00191777960783035
2018-09-12,0.009963018751910635
2018-09-13,-0.0034527014271030776
2018-09-14,-0.007141330163293991
2018-09-17,0.005697188507726381
2018-09-18,-0.002690844830733563
2018-09-19,0.007455304086797954
2018-09-20,0.001832406777206863
2018-09-21,0.0037987970052888453
2018-09-24,-0.0012614513937155847
2018-09-25,0.010315020410777587
2018-09-26,-0.0064591923565915366
2018-09-27,-0.007270192082924898
2018-09-28,0.029716211799140524
2018-10-01,-0.013745483695249416
2018-10-02,0.013035621336326075
2018-10-03,-0.0013688918867503785
2018-10-04,-0.005483202136910226
2018-10-05,0.004066161892817499
2018-10-08,-0.02127808462442582
2018-10-09,0.0049092258141287815
2018-10-10,-0.005164376967879414
2018-10-11,0.01964221240542674
2018-10-12,0.00199520332296399
2018-10-15,0.0063169465242238765
2018-10-16,-0.0017740194972459822
2018-10-17,-0.002597409413143126
2018-10-18,-0.004043312771351837
2018-10-19,0.003165243241701754
2018-10-22,-0.003909744026505346
2018-10-23,0.014185330918781824
2018-10-24,-0.007944027190565528
2018-10-25,-0.0031483457539592807
2018-10-26,0.004806086647343388
2018-10-29,-0.01762899664812645
2018-10-30,0.001808445451288998
2018-10-31,-0.012080802016919856
2018-11-01,0.03513950360794471
2018-11-02,-0.0014936730168761958
2018-11-05,-0.007003446762817611
2018-11-06,-0.009997254800071631
2018-11-07,0.004841589371179511
2018-11-08,-0.009774242922144127
2018-11-09,-0.019671902981718836
2018-11-12,-0.009146969640187241
2018-11-13,-0.0015743752706087744
2018-11-14,0.007382500896649269
2018-11-15,0.012949139522288489
2018-11-16,0.00849893418595915
2018-11-19,0.0016018784176330403
2018-11-20,-0.009317838398349987
2018-11-21,0.016354306468177038
2018-11-23,-0.017886728468777258
2018-11-26,-0.0026721124216434466
2018-11-27,-0.008531294037030568
2018-11-28,0.01713839961404018
2018-11-29,-0.0020975102465302653
2018-11-30,-0.012541154838497603
2018-12-03,0.020363254778689832
2018-12-04,0.009735091035817378
2018-12-06,-0.009021387701392825
2018-12-07,0.012647616796373162
2018-12-10,-0.006450718014193058
2018-12-11,0.001450470399892545
2018-12-12,0.015587336108347838
2018-12-13,0.0002716271576761464
2018-12-14,-0.01466498463440502
2018-12-17,0.008681899957313721
2018-12-18,-0.0036887697398269026
2018-12-19,0.008021914273508512
2018-12-20,0.0034689566847669884
2018-12-21,-0.011523085271063382
2018-12-24,0.008091615479908665
2018-12-26,0.020610808494097688
2018-12-27,0.012463361344599688
2018-12-28,0.0088868560448776
2018-12-31,0.006981560650781038
2019-01-02,0.00706280131889403
2019-01-03,0.010552085439414327
2019-01-04,-0.0007004100196654761
2019-01-07,-0.001656579835204841
2019-01-08,-0.0027442255986721564
2019-01-09,0.001727856092976765
2019-01-10,-0.005877468262013408
2019-01-11,0.0010281980678406022
2019-01-14,0.0020543461962172493
2019-01-15,-0.004036176510500589
2019-01-16,0.001157892740525579
2019-01-17,-0.006232338678347271
2019-01-18,-0.008857573537946806
2019-01-22,-0.004631448165069552
2019-01-23,0.0038010728543282912
2019-01-24,-0.005157698504178243
2019-01-25,0.026315790924351212
2019-01-28,0.004475969708328975
2019-01-29,0.004901688319665531
2019-01-30,0.005954634391950986
2019-01-31,0.008942018200023716
2019-02-01,-0.008862767174645514
2019-02-04,-0.0027078223993790562
2019-02-05,-0.0029677293885489453
2019-02-06,-0.008486372409085119
2019-02-07,0.0012135954158212225
2019-02-08,0.006251966112416296
2019-02-11,-0.0073543505842289525
2019-02-12,0.0001916241986694711
2019-02-13,-0.0022988665609725567
2019-02-14,-0.007936482538056344
2019-02-15,0.01438706903225806
2019-02-19,0.014246644159896737
2019-02-20,0.013168623937159563
2019-02-21,-0.022652672481747627
2019-02-22,0.007409259531288237
2019-02-25,-0.005217511946955966
2019-02-26,0.00012637282932148608
2019-02-27,-0.009793374191555348
2019-02-28,-0.008550269308226
2019-03-01,-0.023748258294998825
2019-03-04,-0.010020401694688652
2019-03-05,0.00019979090098165564
2019-03-06,-0.0011318375152699067
2019-03-07,-0.0028661080620416834
2019-03-08,0.020855632965626647
2019-03-11,-0.004910997804975836
2019-03-12,0.009278196629281421
2019-03-13,0.002803446939559695
2019-03-14,-0.018204261610287542
2019-03-15,0.010065587160529077
2019-03-18,-0.00013111256578446362
2019-03-19,0.003278423623934934
2019-03-20,-0.003659875257666534
2019-03-21,0.008330590417603423
2019-03-22,-0.001756405832465835
2019-03-25,0.01055716501463455
2019-03-26,-0.008770212179216363
2019-03-27,-0.008587597912276035
2019-03-28,-0.020867562394014105
2019-03-29,0.009315789449662937
2019-04-01,-0.0005976613379137241
2019-04-02,-0.002192544733859325
2019-04-03,0.0027300819653435227
2019-04-04,-0.0011952752490931307
2019-04-05,0.000132959906309571
2019-04-08,0.00864190109012708
2019-04-09,-0.0003295406240002574
2019-04-10,0.002175632220553947
2019-04-11,-0.024800989723820277
2019-04-12,0.006475965843810938
2019-04-15,0.0018766668800178632
2019-04-16,-0.003813229876281854
2019-04-17,0.0020146222834644956
2019-04-18,0.0010723638163669946
2019-04-22,0.0013389241238863647
2019-04-23,-0.012301933723769864
2019-04-24,0.008461382388867067
2019-04-25,-0.0024835347426531706
2019-04-26,0.009487907908668713
2019-04-29,-0.010531929174408039
2019-04-30,0.0037725519083910974
2019-05-01,-0.017114038020357936
2019-05-02,-0.0071697164016341075
2019-05-03,0.025240689890621004
2019-05-06,-0.003354078042206443
2019-05-07,0.00020187857099962514
2019-05-08,-0.004576032406181096
2019-05-09,-0.005746352152132372
2019-05-10,0.001291905234529045
2019-05-13,-0.0008827604339310957
2019-05-14,0.0026506870933729054
2019-05-15,0.0
2019-05-16,-0.018505949877361205
2019-05-17,-0.009047622017108403
2019-05-20,0.004251521593821694
2019-05-21,-0.0024984564508722107
2019-05-22,0.002852530411232568
2019-05-23,0.011308457400840854
2019-05-24,-0.003910214813025559
2019-05-28,-0.016460076613523777
2019-05-29,0.006372074722212018
2019-05-30,0.00612303796214797
2019-05-31,0.004840919073745731
2019-06-03,0.011906424171695518
2019-06-04,0.0019724056221133157
2019-06-05,0.0014933043359586229
2019-06-06,0.007726740019029066
2019-06-07,0.00847460315750359
2019-06-10,-0.025943769430717523
2019-06-11,0.0069154942267120045
2019-06-12,0.00108797699176999
2019-06-13,0.010120918950243807
2019-06-14,-0.0059848495907735
2019-06-17,0.002164831611932261
2019-06-18,0.011205576383372051
2019-06-19,-0.0023364386565262185
2019-06-20,0.03506190571222434
2019-06-21,-0.012670508874127129
2019-06-24,0.006220144797540517
2019-06-25,-0.005010389110468916
2019-06-26,-0.0005232084105953883
2019-06-27,-0.00510371458817227
2019-06-28,0.003156878674945851
2019-07-01,-0.00963746853040448
2019-07-02,0.0031775672023619528
2019-07-03,0.0064669115869910865
2019-07-05,-0.021898743972319945
2019-07-08,0.0036197814186653687
2019-07-09,0.00641195025584862
2019-07-10,0.0052429301061101
2019-07-11,-0.005281568519357793
2019-07-12,0.006238790573231068
2019-07-15,0.008508654302014085
2019-07-16,0.020274716861412134
2019-07-17,0.01878200402966912
2019-07-18,0.014283092871017589
2019-07-19,-0.0001861203376959386
2019-07-22,0.01383629471830683
2019-07-23,0.00397800118747238
2019-07-24,0.009082606140384142
2019-07-25,-0.012987805905543492
2019-07-26,-0.0008568418752805673
2019-07-29,0.0026339520978986286
2019-07-30,0.007759091505817883
2019-07-31,-0.00903305016139666
2019-08-01,-0.013764858116820156
2019-08-02,0.006265109371820454
2019-08-05,0.007582245659605968
2019-08-06,0.0036709319383876338
2019-08-07,0.04577869054633954
2019-08-08,-0.0148636668173866
2019-08-09,-0.0002366552405237421
2019-08-12,0.008403870827867532
2019-08-13,-0.00487118916270457
2019-08-14,0.01751597670647942
2019-08-15,-0.0037674913939865773
2019-08-16,-0.0053525169563173325
2019-08-19,-0.010645829601502843
2019-08-20,0.012297515987401253
2019-08-21,0.00017522836383365714
2019-08-22,-0.006481755328467065
2019-08-23,0.022393353787680592
2019-08-26,0.01316470732648689
2019-08-27,0.029221480590568838
2019-08-28,0.009096472272219325
2019-08-29,-0.0074847587214792455
2019-08-30,0.0009907882522344202
2019-09-03,0.04916145317875009
2019-09-04,0.016353072609363917
2019-09-05,-0.03790421234448149
2019-09-06,-0.03687820137419884
2019-09-09,0.002838306368894372
2019-09-10,0.0012210040012710088
2019-09-11,-0.0005543057366501625
2019-09-12,0.0005546131619074135
2019-09-13,-0.03353470082546195
2019-09-16,0.026668859149548974
2019-09-17,0.0064243162937609455
2019-09-18,-0.01226691056837348
2019-09-19,-0.0012362663613992853
2019-09-20,-0.0019692707242515706
2019-09-23,0.04859620406592069
2019-09-24,-0.004462375177650579
2019-09-25,-0.029972474159178142
2019-09-26,-0.00896332763533958
2019-09-27,-0.013988008629132853
2019-09-30,-0.03726067275165035
2019-10-01,0.017990231213577568
2019-10-02,0.02267174733800692
2019-10-03,-0.0003979064562307233
2019-10-04,-0.0025588946462429263
2019-10-07,-0.0047320516332105544
2019-10-08,0.009165368809605168
2019-10-09,0.006300735445625039
2019-10-10,-0.011732861715420317
2019-10-11,-0.0033105347304309696
2019-10-14,0.009850010942818788
2019-10-15,-0.01848702538165592
2019-10-16,0.002484358019918975
2019-10-17,0.010662179229587343
2019-10-18,-0.0019387825819542348
2019-10-21,0.0013711723739773252
2019-10-22,-0.0050781013763914196
2019-10-23,0.004587941088562086
2019-10-24,0.012673409685752146
2019-10-25,0.006877486769220509
2019-10-28,-0.002519460268116558
2019-10-29,-0.0025258234199886376
2019-10-30,0.0024759788544728156
2019-10-31,0.011170328603970159
2019-11-01,-0.0005551365623021054
2019-11-04,0.0005554449100801939
2019-11-05,-0.027645119998818024
2019-11-06,0.0023977967687629498
2019-11-07,-0.03348907798417344
2019-11-08,-0.011019349888235053
2019-11-11,-0.0012513745344214788
2019-11-12,-0.005070939291953014
2019-11-13,0.013251824029346215
2019-11-14,0.006805525216003305
2019-11-15,-0.004702282236870747
2019-11-18,0.003070929444296988
2019-11-19,0.006947307963623306
2019-11-20,-0.00017542301863593401
2019-11-21,-0.002924043209875271
2019-11-22,-0.0038122365335658825
2019-11-25,-0.00671182313251617
2019-11-26,0.009424479714711609
2019-11-27,-0.006928950394540556
2019-11-29,0.00337034045503648
2019-12-02,-0.00783778779523192
2019-12-03,0.01716557094601745
2019-12-04,-0.019153232700729994
2019-12-05,0.008632407115387153
2019-12-06,-0.027210397546796217
2019-12-09,0.0030943927683422245
2019-12-10,0.0038713453657905905
2019-12-11,0.008917739456803853
2019-12-12,0.006032001501232731
2019-12-13,0.003977521682664964
2019-12-16,0.006326776006641888
2019-12-17,-0.002408981853697645
2019-12-18,-0.00147258387663729
2019-12-19,0.006193679909890504
2019-12-20,0.004103628661154213
2019-12-23,0.016055559074355186
2019-12-24,0.020341325773772345
2019-12-26,0.007715218236833632
2019-12-27,-0.0025147072908928703
2019-12-30,0.0033055082596156193
2019-12-31,-0.0044673797049358255
2020-01-02,0.007740660583867465
2020-01-03,0.005677456989367835
2020-01-06,0.0016050104456521996
2020-01-07,0.012101445463216454
2020-01-08,-0.012448167735802818
2020-01-09,-0.012604972264445014
2020-01-10,0.009686468874090526
2020-01-13,-0.005933585335945013
2020-01-14,-0.01405783786484971
2020-01-15,0.014088522856093189
2020-01-16,-0.0026781420013074486
2020-01-17,0.007720307132867088
2020-01-21,-0.014545108137062002
2020-01-22,0.0011267230364317982
2020-01-23,0.00011258848743067595
2020-01-24,0.01597920882771464
2020-01-27,-0.003156626931037021
2020-01-28,-0.033222198333333286
2020-01-29,0.0016664365753034094
2020-01-30,0.02988927239822292
2020-01-31,0.0011141076414213913
2020-02-03,-0.01847322099839832
2020-02-04,-0.006349178790986398
2020-02-05,0.002339135114143076
2020-02-06,0.012522017018311571
2020-02-07,-0.006970523529542416
2020-02-10,0.00526456242041351
2020-02-11,-0.010417810341385891
2020-02-12,-0.005405981350383948
2020-02-13,0.006980188553191491
2020-02-14,0.006534077699832386
2020-02-18,0.023482944763057123
2020-02-19,0.00887978023178615
2020-02-20,0.0009293789726265711
2020-02-21,0.011578998840374721
2020-02-24,0.018735496014588682
2020-02-25,-0.036304826632968856
2020-02-26,-0.01963374245202132
2020-02-27,-0.009424394593339769
2020-02-28,-0.07197880573225379
2020-03-02,0.01781910877540893
2020-03-03,0.026979965049884758
2020-03-04,0.0033861031573336753
2020-03-05,0.009018373047363637
2020-03-06,-0.007380830181742959
2020-03-09,-0.012373721467317078
2020-03-10,-0.005587866188655033
2020-03-11,-0.010469658614352784
2020-03-12,-0.045908281778244686
2020-03-13,-0.09429234186525715
2020-03-16,-0.11649142097107301
2020-03-17,-0.02372380540601471
2020-03-18,-0.058866004350087486
2020-03-19,0.03084793101732397
2020-03-20,0.020831599363495767
2020-03-23,0.07093695047523996
2020-03-24,0.07591680008707868
2020-03-25,0.04272962233145927
2020-03-26,-0.0132775865377458
2020-03-27,-0.009699466987853955
2020-03-30,-0.02924539770352086
2020-03-31,0.0017052159575190462
2020-04-01,-0.012200307507882813
2020-04-02,0.048111453204087606
2020-04-03,-0.01096189730538033
2020-04-06,0.046758118320764375
2020-04-07,0.02058102499934744
2020-04-08,-0.01783164448503538
2020-04-09,0.05598465456161339
2020-04-13,-0.032260068993348434
2020-04-14,0.038309994608960674
2020-04-15,-0.0388875641212183
2020-04-16,0.007574324037576741
2020-04-17,-0.021010001109528442
2020-04-20,0.020935832523473197
2020-04-21,-0.047441497260604204
2020-04-22,0.030975880345265105
2020-04-23,0.004647452903161486
2020-04-24,-0.006124567541931469
2020-04-27,-0.0034744657799655743
2020-04-28,-0.0025656541978298364
2020-04-29,-0.00013189882862219005
2020-04-30,-0.01728232800741092
2020-05-01,-0.0023492979301805716
2020-05-04,-0.009486631282979885
2020-05-05,0.022755062985286623
2020-05-06,-0.004648979827068023
2020-05-07,0.038366569825029284
2020-05-08,0.011438086165770356
2020-05-11,-0.006607375573043028
2020-05-12,0.00326174156074166
2020-05-13,-0.0015299394139680622
2020-05-14,0.030198529443795197
2020-05-15,0.05639562890720118
2020-05-18,0.024521951280377596
2020-05-19,0.02450752879321616
2020-05-20,0.006148033130471298
2020-05-21,-0.037051533162329564
2020-05-22,0.01897897302916962
2020-05-26,-0.005604564790874678
2020-05-27,0.0068887154198111755
2020-05-28,0.011817235684149274
2020-05-29,0.0304554376077395
2020-06-01,0.017787370421512794
2020-06-02,-0.02989124736050386
2020-06-03,-0.015708309360846662
2020-06-04,0.005747482992094044
2020-06-05,-0.03223476334443476
2020-06-08,0.02436503014112401
2020-06-09,-0.00526079358865994
2020-06-10,0.00011246202210424272
2020-06-11,0.005231796515839937
2020-06-12,-0.02277685387229067
2020-06-15,-0.004753188668128128
2020-06-16,0.014557814846755557
2020-06-17,0.007089382952171208
2020-06-18,-0.014867372892156339
2020-06-19,0.019379220226297456
2020-06-22,0.0030842529020016496
2020-06-23,0.00916875261233363
2020-06-24,-0.02177162688698797
2020-06-25,0.012742012566263838
2020-06-26,0.007828737043038991
2020-06-29,-0.002385905691735246
2020-06-30,0.03120138177712084
2020-07-01,-0.022005336381965557
2020-07-02,0.006121439560493824
2020-07-06,0.014251273701527234
2020-07-07,0.006701283611293407
2020-07-08,0.024318182503611396
2020-07-09,-0.010429191686515016
2020-07-10,0.00534900064402466
2020-07-13,0.03824473674598039
2020-07-14,-0.013090437102007302
2020-07-15,0.01203019163403729
2020-07-16,-0.009550405641946424
2020-07-17,0.00964249538426687
2020-07-20,0.022301300067040453
2020-07-21,0.06822695053046979
2020-07-22,0.07377775778863183
2020-07-23,-0.005978446862361042
2020-07-24,-0.005970761902416077
2020-07-27,0.07313220050184
2020-07-28,-0.008579795777846289
2020-07-29,0.0011126069053633003
2020-07-30,-0.039229372602701984
2020-07-31,0.036375279543432226
2020-08-03,0.00830957116101727
2020-08-04,0.06650265602979166
2020-08-05,0.033253948521103194
2020-08-06,0.05618180133544448
2020-08-07,-0.030084130276999743
2020-08-10,0.06232519306980966
2020-08-11,-0.10981571436976845
2020-08-12,-0.0031493927073550365
2020-08-13,0.06700059045887308
2020-08-14,-0.05882139437722489
2020-08-17,0.06054092031127234
2020-08-18,0.014687267848661367
2020-08-19,-0.0261684646688074
2020-08-20,-0.007065743593452467
2020-08-21,-0.015301195117554345
2020-08-24,-0.004455812586485086
2020-08-25,-0.012562044467088529
2020-08-26,0.04479319772187207
2020-08-27,-0.015311705258963637
2020-08-28,0.022214008696437526
2020-08-31,0.029952902634144518
2020-09-01,0.0017230998183621615
2020-09-02,-0.04342482297951655
2020-09-03,-0.018863074961477877
2020-09-04,-0.005947274971840777
2020-09-08,0.010836849327372722
2020-09-09,0.0033874180656650044
2020-09-10,0.007716571716465337
2020-09-11,-0.015609460968337818
2020-09-14,0.018325283822727467
2020-09-15,0.004296910632534345
2020-09-16,0.0003290744452395522
2020-09-17,-0.013525824756785987
2020-09-18,0.0015934507699830736
2020-09-21,-0.10096936888102426
2020-09-22,0.005885001491248598
2020-09-23,-0.058424005102587384
2020-09-24,0.004518992364262564
2020-09-25,-0.004368882683144615
2020-09-28,0.022200967787279202
2020-09-29,0.036212142313220674
2020-09-30,-0.0388432581061664
2020-10-01,0.032432902822411735
2020-10-02,-0.009176212654519622
2020-10-05,0.02215177193935647
2020-10-06,-0.025793810672884332
2020-10-07,-0.0009217121585991528
2020-10-08,-0.00046124120254664724
2020-10-09,0.051684371174446575
2020-10-12,0.006262698492039975
2020-10-13,-0.045191445242311334
2020-10-14,0.011541969398054075
2020-10-15,-0.007018532578971781
2020-10-16,0.007274777177403546
2020-10-19,0.011818298499959745
2020-10-20,0.011355829365125025
2020-10-21,0.010426283321366192
2020-10-22,-0.02111360755023206
2020-10-23,-0.0015406490404461515
2020-10-26,-0.010192120507750979
2020-10-27,0.006153578248460301
2020-10-28,-0.04900920311418733
2020-10-29,0.000643170141738203
2020-10-30,0.011911387448563682
2020-11-02,0.01647118306502593
2020-11-03,0.01245521051084264
2020-11-04,-0.018144414086617267
2020-11-05,0.05476865540035325
2020-11-06,0.018870938336551735
2020-11-09,-0.07646418337681415
2020-11-10,0.032130027318088006
2020-11-11,-0.007976753120356728
2020-11-12,0.0016082417584650788
2020-11-13,0.019308350853697753
2020-11-16,0.0010904527302979528
2020-11-17,-0.006092111444544468
2020-11-18,-0.008199702379300455
2020-11-19,-0.016371284771910077
2020-11-20,0.013106919966230812
2020-11-23,-0.02973546216470535
2020-11-24,-0.014053535483853574
2020-11-25,0.002747770929701243
2020-11-27,-0.03438094575514439
2020-11-30,-0.0008424200958280226
2020-12-01,0.06652172376814192
2020-12-02,-0.0003329309567560168
2020-12-03,0.0025806564404018406
2020-12-04,0.004815843422997457
2020-12-07,0.022228654703280615
2020-12-08,-0.00230383581088045
2020-12-09,-0.030546090965365313
2020-12-10,0.0042206363849395245
2020-12-11,4.159002930292921e-05
2020-12-14,-0.0019556832890242903
2020-12-15,0.02484881154230667
2020-12-16,0.016435509147486593
2020-12-17,0.04462676577056923
2020-12-18,-0.005785478076686501
2020-12-21,0.012678734733794661
2020-12-22,-0.03211811644166884
2020-12-23,0.015333780753846282
2020-12-24,-0.0005033527068623034
2020-12-28,0.025144250101960974
2020-12-29,-0.012169259304448898
2020-12-30,0.0133904802754099
2020-12-31,-0.005889464469803873
2021-01-04,0.036153715768182604
2021-01-05,0.01051893951738836
2021-01-06,-0.021689441748069527
2021-01-07,0.008415867482995054
2021-01-08,-0.09624999841360304
2021-01-11,0.026726855849377396
2021-01-12,0.005745095216195928
2021-01-13,0.0053576928703513715
2021-01-14,0.008855792551972552
2021-01-15,-0.03577252853359614
2021-01-19,0.018287957949693956
2021-01-20,0.017999127024779904
2021-01-21,0.0034196492020182045
2021-01-22,-0.011540559376877146
2021-01-25,-0.00270334781148851
2021-01-26,0.002907067775783423
2021-01-27,-0.005993179678617788
2021-01-28,0.021004136252848138
2021-01-29,0.0382492263190517
2021-02-01,0.09286249573560412
2021-02-02,-0.1025239766712952
2021-02-03,0.0187234485065082
2021-02-04,-0.02436939815700412
2021-02-05,0.030164374136089744
2021-02-08,0.02058191127692721
2021-02-09,-0.0063111999258784746
2021-02-10,-0.011753559317339013
2021-02-11,-0.0011819302913924634
2021-02-12,0.010391248127742836
2021-02-16,-0.0001463861950488088
2021-02-17,-0.000183061603867829
2021-02-18,-0.008676851691990173
2021-02-19,0.006463092373507173
2021-02-22,0.030493150788952983
2021-02-23,-0.014136643430381457
2021-02-24,0.0061763896892061965
2021-02-25,-0.00789752009318545
2021-02-26,-0.044686425403523855
2021-03-01,0.00927955935193503
2021-03-02,0.007618156823493205
2021-03-03,-0.01836126715168418
2021-03-04,-0.03501917205081351
2021-03-05,-0.006959190448250996
2021-03-08,-0.0006730886494908939
2021-03-09,0.03597468138962667
2021-03-10,-0.0017592717887915388
2021-03-11,0.0022987273639982764
2021-03-12,-0.01077904949490971
2021-03-15,0.014412716851108343
2021-03-16,-0.010627331247358263
2021-03-17,0.002155992838797527
2021-03-18,0.01117934891610628
2021-03-19,-0.0011017564278139602
2021-03-22,-0.02095696804245606
2021-03-23,-0.021016995314605214
2021-03-24,3.9660713089473276e-05
2021-03-25,-0.007102926411983179
2021-03-26,0.0027975258488697197
2021-03-29,-0.013749375221660531
2021-03-30,-0.02529597351505042
2021-03-31,0.01641722587119121
2021-04-01,0.01704936438349436
2021-04-05,-0.006897893870298155
2021-04-06,0.018131865731752406
2021-04-07,0.0008329331307164178
2021-04-08,0.013315913393697976
2021-04-09,-0.010090320997235835
2021-04-12,-0.018094905976143827
2021-04-13,0.02269340383359042
2021-04-14,0.0038556702480236904
2021-04-15,0.017283950246647528
2021-04-16,0.005509383705921911
2021-04-19,-0.01026865207288219
2021-04-20,0.0001548414733285597
2021-04-21,0.02825629866443946
2021-04-22,-0.01471864228116393
2021-04-23,-0.0037059727507547935
2021-04-26,0.005138657888067888
2021-04-27,0.007668544375485142
2021-04-28,-0.012532230869632288
2021-04-29,-0.0010735735085446452
2021-04-30,-0.00767661550832166
2021-05-03,0.04216145604056254
2021-05-04,-0.014994663480466741
2021-05-05,-0.0013941275335701553
2021-05-06,0.03622364541011436
2021-05-07,0.0
2021-05-10,0.0006190445003311229
2021-05-11,0.00647765564310987
2021-05-12,-0.015402924985182698
2021-05-13,-0.00686718313023893
2021-05-14,0.011425824685761476
2021-05-17,0.03315905271005759
2021-05-18,0.0019107908549369501
2021-05-19,-0.010807366280357389
2021-05-20,0.001571002246186115
2021-05-21,-0.020640256629402165
2021-05-24,0.015069325027474711
2021-05-25,0.005378905392464217
2021-05-26,-0.00656275691652386
2021-05-27,0.002369582755303412
2021-05-28,0.002650503181710784
2021-06-01,0.0032150948416942438
2021-06-02,0.003667722085952674
2021-06-03,-0.025757529230072573
2021-06-04,0.015258581356077716
2021-06-07,0.004376044379965194
2021-06-08,-0.010213896132910905
2021-06-09,0.009742033503109981
2021-06-10,0.0010719592405254996
2021-06-11,0.004140679369116995
2021-06-14,-0.0038036453742171794
2021-06-15,-0.012310852052068055
2021-06-16,0.0043714869136974865
2021-06-17,-0.07035969185155988
2021-06-18,0.0044110942817501275
2021-06-21,0.0021958243934336874
2021-06-22,-0.006419366669837223
2021-06-23,0.010058814388938853
2021-06-24,-0.002336406866373708
2021-06-25,0.0013437186165043968
2021-06-28,0.005214311639964331
2021-06-29,-0.013197065549973352
2021-06-30,0.011325030262233637
2021-07-01,-0.0034397155297328785
2021-07-02,0.015570474713957339
2021-07-06,-0.012348535134108163
2021-07-07,-0.0016822941472485198
2021-07-08,-0.005476888420494097
2021-07-09,0.009396595637800598
2021-07-12,0.00022885849068332575
2021-07-13,-0.0038905780103004606
2021-07-14,0.005016294128039389
2021-07-15,0.004915023568339727
2021-07-16,-0.022672969478672922
2021-07-19,-0.02525510994841551
2021-07-20,-0.00593011913004704
2021-07-21,0.010449677604346785
2021-07-22,0.005032050702199697
2021-07-23,-0.0057953621656982035
2021-07-26,0.0030533614381840213
2021-07-27,-0.026210717845548293
2021-07-28,0.00909389941023142
2021-07-29,0.0365303752463253
2021-07-30,-0.009160070662537101
2021-08-02,0.0011359812808022784
2021-08-03,0.000352184148304735
2021-08-04,-0.004693766333954352
2021-08-05,-0.006641465285123105
2021-08-06,-0.038177004533128556
2021-08-09,-0.04347651769748839
2021-08-10,0.0052462547584111174
2021-08-11,0.004149382582837813
2021-08-12,-0.015719578060014894
2021-08-13,0.028695092975535186
2021-08-16,0.0005049242753587535
2021-08-17,-0.005550881672409358
2021-08-18,-0.009979704533770728
2021-08-19,-0.008200980035338978
2021-08-20,-0.004952617287566907
2021-08-23,0.023544715032701502
2021-08-24,0.010190672682463653
2021-08-25,-0.004981142027563723
2021-08-26,-0.009465330901177071
2021-08-27,0.02182960801239764
2021-08-30,-0.0041562922777571565
2021-08-31,0.0
2021-09-01,0.009056802100678496
2021-09-02,-0.01249121269700293
2021-09-03,0.03715179602094243
2021-09-07,-0.017284529320633957
2021-09-08,-0.013232534926277628
2021-09-09,0.005039159352993039
2021-09-10,-0.011519491430046158
2021-09-13,-0.004275803058766292
2021-09-14,0.0037468441470895897
2021-09-15,-0.0034811791505375833
2021-09-16,-0.04238393606382984
2021-09-17,-0.02008617764285303
2021-09-20,-0.005920608635405
2021-09-21,0.018499293325139998
2021-09-22,0.0131129903271896
2021-09-23,-0.009926069577224972
2021-09-24,-0.011218077367563972
2021-09-27,0.012015324911224479
2021-09-28,-0.01001894708512907
2021-09-29,-0.04329026600891739
2021-09-30,0.02618949110816482
2021-10-01,0.022206090640686016
2021-10-04,0.0047978586804307
2021-10-05,-0.0015916217151052958
2021-10-06,-0.003365521545619088
2021-10-07,0.005598482497502388
2021-10-08,0.0020767444354146125
2021-10-11,-0.0017197168542811836
2021-10-12,-0.006581279770962123
2021-10-13,0.02925619015694414
2021-10-14,0.013261877305519976
2021-10-15,-0.0054570371520265
2021-10-18,-0.003643650687707889
2021-10-19,0.026631651645701915
2021-10-20,0.023552103408789327
2021-10-21,-0.01121848068931719
2021-10-22,0.011552846144516904
2021-10-25,0.005853683942214971
2021-10-26,-0.019778611839113447
2021-10-27,0.0042762907132123384
2021-10-28,-0.0029765018165583967
2021-10-29,-0.007131935392605926
2021-11-01,0.004969701045755226
2021-11-02,-0.023437466722852518
2021-11-03,-0.011659581702127664
2021-11-04,0.02927754735973398
2021-11-05,0.010290315760033364
2021-11-08,0.015940718083201855
2021-11-09,-0.00912910803989031
2021-11-10,0.0186731573660901
2021-11-11,0.021560964012105055
2021-11-12,0.0016995082795263627
2021-11-15,-0.009351306475267607
2021-11-16,-0.006492217617705132
2021-11-17,0.008940008733739457
2021-11-18,-0.010569426308359997
2021-11-19,-0.0048591777245505785
2021-11-22,-0.019491516809961862
2021-11-23,-0.03547768812712915
2021-11-24,0.00260297936332754
2021-11-26,-0.016556006775568566
2021-11-29,-0.013329318186468986
2021-11-30,-0.001491311036149634
2021-12-01,-0.02047000274485844
2021-12-02,-0.0008520157934850392
2021-12-03,0.007405699950182365
2021-12-06,-0.009668035330678948
2021-12-07,0.01165191931540277
2021-12-08,-0.0043136088457184085
2021-12-09,-0.01857965481614965
2021-12-10,0.008464499505234091
2021-12-13,0.005866474317688386
2021-12-14,-0.01807993599670077
2021-12-15,-0.017316202543294912
2021-12-16,0.04403015275885647
2021-12-17,0.002315744831229649
2021-12-20,-0.010307919772037044
2021-12-21,0.01019085045443413
2021-12-22,0.012887698851700602
2021-12-23,0.006098628514292326
2021-12-27,0.002093250643337985
2021-12-28,0.005744373971147798
2021-12-29,-0.01137988357566555
2021-12-30,0.007878164976698576
2021-12-31,0.013027585181661916
2022-01-03,-0.0230623375568193
2022-01-04,0.010881929793270073
2022-01-05,0.004861511826774745
2022-01-06,-0.0421598205624506
2022-01-07,0.009921498695928177
2022-01-10,0.002322052875316949
2022-01-11,0.016038520165407855
2022-01-12,0.0172761994276196
2022-01-13,-0.0019396581261146295
2022-01-14,-0.010537740562684528
2022-01-18,0.02514077201337961
2022-01-19,0.031464228527162685
2022-01-20,0.020019838743637886
2022-01-21,-0.016065770423336234
2022-01-24,-0.021345690445976118
2022-01-25,0.00424458204078304
2022-01-26,-0.0037245020227320014
2022-01-27,-0.04763300321880426
2022-01-28,-0.01636308756832139
2022-01-31,0.004170047968410806
2022-02-01,0.008975226875257647
2022-02-02,0.005089386023637399
2022-02-03,-0.014794612015779585
2022-02-04,0.004469290726257125
2022-02-07,0.026740815120733785
2022-02-08,0.005156850360420462
2022-02-09,0.0060789287296600936
2022-02-10,0.007841903348884127
2022-02-11,-0.006505373776726775
2022-02-14,0.020499876144393747
2022-02-15,-0.02126231850161453
2022-02-16,0.01126919605097565
2022-02-17,0.01156733706056734
2022-02-18,0.004900673004298639
2022-02-22,0.013338402334373445
2022-02-23,0.01003658762576598
2022-02-24,0.005334983031812568
2022-02-25,-0.027910599413161652
2022-02-28,0.015168576236355813
2022-03-01,0.04815074656668261
2022-03-02,-0.013746370897683602
2022-03-03,0.0008735797764680697
2022-03-04,0.022892270257146796
2022-03-07,-0.0026762955200249072
2022-03-08,0.0456967751783095
2022-03-09,-0.04206339256876446
2022-03-10,0.017276844761358268
2022-03-11,-0.003663795177684448
2022-03-14,-0.03301928255123909
2022-03-15,-0.004793229777074859
2022-03-16,-0.018031251228169953
2022-03-17,0.037049029065102435
2022-03-18,-0.02067695933593161
2022-03-21,0.009060039001851594
2022-03-22,-0.015702846548460103
2022-03-23,0.011452676205179202
2022-03-24,0.029002762720690356
2022-03-25,-0.011776073917950103
2022-03-28,-0.016370334881638304
2022-03-29,-0.018271408843229753
2022-03-30,0.015657915773716224
2022-03-31,0.0007170318105844675
2022-04-01,-0.019067715635140536
2022-04-04,-0.002353728168543623
2022-04-05,-0.002277894193085883
2022-04-06,-0.002976188859961759
2022-04-07,0.011367813572252139
2022-04-08,0.003477153628570262
2022-04-11,0.006406398261914914
2022-04-12,0.029906306384016368
2022-04-13,0.011467447060927727
2022-04-14,-0.012682548968717455
2022-04-18,0.017516498665482994
2022-04-19,-0.028653353384795133
2022-04-20,-0.004765479359847613
2022-04-21,-0.025682633881519035
2022-04-22,-0.014784140193842776
2022-04-25,-0.02428167954522198
2022-04-26,-0.005323620664451689
2022-04-27,-0.003568075806739235
2022-04-28,-0.014025086003729426
2022-04-29,-0.003847930784551812
2022-05-02,-0.02152778950496681
2022-05-03,0.0034155277611878088
2022-05-04,-0.011449572374325867
2022-05-05,0.0016993162880183377
2022-05-06,-0.0033481634496562718
2022-05-09,-0.02432255997826893
2022-05-10,-0.01799652040118327
2022-05-11,0.007480124102986263
2022-05-12,-0.03679811127455057
2022-05-13,0.010936035088311424
2022-05-16,0.02625813094231777
2022-05-17,0.009380063218342727
2022-05-18,-0.009384853687195882
2022-05-19,0.01695071536231918
2022-05-20,-0.010457579800463135
2022-05-23,0.00249199032858205
2022-05-24,0.015651621172499075
2022-05-25,-0.009200884851753632
2022-05-26,0.003705369064031405
2022-05-27,0.005423612875824935
2022-05-31,-0.018540363092764856
2022-06-01,0.010761707080891858
2022-06-02,0.016907280059053065
2022-06-03,-0.016356624640218365
2022-06-06,0.008405665378138805
2022-06-07,0.0038507294695313554
2022-06-08,-0.0038359582321230157
2022-06-09,-0.012548632668713533
2022-06-10,0.005321797277772156
2022-06-13,-0.030894904695913827
2022-06-14,-0.01412691840047009
2022-06-15,0.022258291543188813
2022-06-16,0.021726947979507027
2022-06-17,-0.013444945452139367
2022-06-21,0.008390106170653278
2022-06-22,-0.015951095183681874
2022-06-23,-0.017517634754156575
2022-06-24,0.003993896521371942
2022-06-27,0.0020364264817396283
2022-06-28,-0.017108535524201773
2022-06-29,-0.006202895344493142
2022-06-30,-0.018676199614555022
2022-07-01,-0.03377376411829425
2022-07-05,-0.027810382541345824
2022-07-06,0.0017320506987925643
2022-07-07,0.001938729986043164
2022-07-08,0.002353314538848572
2022-07-11,-0.0052173204434246
2022-07-12,-0.008810996744855415
2022-07-13,0.012646188573477213
2022-07-14,-0.050632241362221886
2022-07-15,0.020859689408244675
2022-07-18,0.013101144357645422
2022-07-19,-0.0064392681399323415
2022-07-20,-0.0016604252740849423
2022-07-21,0.002575263166184394
2022-07-22,-0.005458403624243102
2022-07-25,-0.015657705913644793
2022-07-26,0.010549845487788367
2022-07-27,0.0035700758235157615
2022-07-28,0.0686681503979989
2022-07-29,0.01659355856366629
2022-08-01,0.008235778867185628
2022-08-02,-0.010678129842581208
2022-08-03,-0.01193731785581531
2022-08-04,0.011779570234548231
2022-08-05,-0.013931075030802487
2022-08-08,0.03900291642561671
2022-08-09,-0.00650732693191336
2022-08-10,0.012708975838908287
2022-08-11,-0.01892075452468811
2022-08-12,0.017268515023792785
2022-08-15,-0.020602630892773144
2022-08-16,-0.00918467853694005
2022-08-17,-0.017642665370016797
2022-08-18,-0.013342828072099633
2022-08-19,-0.02005344462169234
2022-08-22,-0.009707281171367432
2022-08-23,0.007365015946890319
2022-08-24,-0.006153938320740959
2022-08-25,0.011431574212303675
2022-08-26,-0.019412918676951607
2022-08-29,-0.009871903002696802
2022-08-30,-0.021341951138991955
2022-08-31,-0.021862506815077842
2022-09-01,-0.011879210693329312
2022-09-02,0.012819694735809017
2022-09-06,0.001068913759793455
2022-09-07,0.01921882823616139
2022-09-08,0.01064127470132381
2022-09-09,0.017894218845146748
2022-09-12,0.05879505596230539
2022-09-13,-0.01847632424804424
2022-09-14,0.00417747718144712
2022-09-15,-0.015202168343410594
2022-09-16,0.006310315243590159
2022-09-19,-0.00119189524047425
2022-09-20,-0.008872590339424669
2022-09-21,0.016176318272795864
2022-09-22,0.007057907626631055
2022-09-23,-0.03616742007893792
2022-09-26,-0.02308791832891921
2022-09-27,-0.008095195526821364
2022-09-28,0.02952289866274227
2022-09-29,-0.009842491733665248
2022-09-30,0.01875229804281675
2022-10-03,0.0822257434413336
2022-10-04,0.025244972109775166
2022-10-05,-0.026524720848680183
2022-10-06,0.005664300966366165
2022-10-07,-0.019567850619170435
2022-10-10,-0.03149760784660571
2022-10-11,-0.006596426241723297
2022-10-12,-0.028259627764812834
2022-10-13,-0.0010594586145004081
2022-10-14,-0.04470253573764493
2022-10-17,0.03658065069742977
2022-10-18,-0.0055157245988166625
2022-10-19,-0.012654069288458247
2022-10-20,0.017997377949451998
2022-10-21,0.020197090567185105
2022-10-24,0.006879195768619173
2022-10-25,0.008605450704451068
2022-10-26,0.007290906194548086
2022-10-27,-0.00010261293876812072
2022-10-28,-0.016993596320161286
2022-10-31,-0.001148971678870847
2022-11-01,0.02865361254901977
2022-11-02,-0.003710667348059471
2022-11-03,-0.008367324327572367
2022-11-04,0.06966454223477436
2022-11-07,0.005194795344915182
2022-11-08,0.02770593071354832
2022-11-09,-0.00833444829356067
2022-11-10,0.01779508423089826
2022-11-11,-0.0014300936443463197
2022-11-14,0.020604229042519462
2022-11-15,-0.026842229110090265
2022-11-16,0.00023252987916211332
2022-11-17,-0.025530124507242236
2022-11-18,0.0010021431677484927
2022-11-21,-0.006054486128397318
2022-11-22,0.008873301441212122
2022-11-23,0.015356087470645763
2022-11-25,0.0031839157599675705
2022-11-28,-0.024037311937846306
2022-11-29,0.014060288001389143
2022-11-30,0.016317617540592133
2022-12-01,0.05044083194130078
2022-12-02,0.01771440541642133
2022-12-05,-0.036418122493011684
2022-12-06,-0.0034235871910515137
2022-12-07,0.02653346795154854
2022-12-08,0.015543842549552433
2022-12-09,0.020465686403578598
2022-12-12,-0.01338434425356494
2022-12-13,0.025021589460159088
2022-12-14,0.00609211992541181
2022-12-15,-0.034160148627583875
2022-12-16,0.000994414118879794
2022-12-19,-0.005269739747780111
2022-12-20,0.04624606196469072
2022-12-21,-0.0024487428547699253
2022-12-22,-0.023257750093141794
2022-12-23,0.012267852789467515
2022-12-27,0.011614247630737928
2022-12-28,-0.015682229433126027
2022-12-29,0.017537886069848962
2022-12-30,-0.008970828473462755
2023-01-03,0.008255825749951873
2023-01-04,-0.011097726413319076
2023-01-05,-0.022444536148285787
2023-01-06,0.024249767566637992
2023-01-09,-0.004617605897540011
2023-01-10,-0.00864540827222493
2023-01-11,-0.00765730676946097
2023-01-12,0.022977717572445044
2023-01-13,0.015421364312258046
2023-01-17,-0.011844358439192626
2023-01-18,-0.01729032516915807
2023-01-19,0.009519720077832083
2023-01-20,0.003199470023063311
2023-01-23,-0.01586236933566887
2023-01-24,0.008400158317246165
2023-01-25,0.008034188702870537
2023-01-26,0.0038172577426871523
2023-01-27,-0.016840780391949695
2023-01-30,0.005015515273656845
2023-01-31,0.004356046859641527
2023-02-01,-0.00955866968765895
2023-02-02,0.00055271842395066
2023-02-03,-0.050990088790854204
2023-02-06,-0.00702962221729031
2023-02-07,-0.002705481799374465
2023-02-08,0.011303521881085077
2023-02-09,-0.012071375374372972
2023-02-10,-0.002851053068646192
2023-02-13,-0.009803013800435467
2023-02-14,0.001099929376251474
2023-02-15,-0.013551851152561967
2023-02-16,0.006404924023499126
2023-02-17,0.00046117967122194514
2023-02-21,0.008066711443901031
2023-02-22,-0.009511188666414427
2023-02-23,-0.016712041073746797
2023-02-24,-0.023146628238921663
2023-02-27,-0.006536560682917081
2023-02-28,0.01407839181779047
2023-03-01,-9.545393626253507e-05
2023-03-02,-0.009208401326738391
2023-03-03,0.015746877019639838
2023-03-06,-0.005167646038081952
2023-03-07,-0.0443194068451942
2023-03-08,-0.0024434869813023674
2023-03-09,0.0009997730987156839
2023-03-10,0.017478171617563376
2023-03-13,0.069595056196319
2023-03-14,0.0062406086612969425
2023-03-15,-0.007068296501981375
2023-03-16,-0.008542336205924705
2023-03-17,0.03534373324656581
2023-03-20,0.008142862573678578
2023-03-21,-0.009275353534301423
2023-03-22,0.01572298196711097
2023-03-23,0.02068356673514926
2023-03-24,0.004450425337253039
2023-03-27,-0.008302098858284701
2023-03-28,0.011711570228384094
2023-03-29,0.002229465414923526
2023-03-30,0.022501753609512676
2023-03-31,0.007279716210765619
2023-04-03,-0.005607253232367326
2023-04-04,0.04515264111369821
2023-04-05,-0.0023579258855835894
2023-04-06,0.0024836871225106805
2023-04-10,-0.0071528053034192185
2023-04-11,0.01147065291454008
2023-04-12,0.010863029897386633
2023-04-13,0.018501071972749195
2023-04-14,-0.017392005504923813
2023-04-17,-0.014592522540293862
2023-04-18,0.0077834867637307514
2023-04-19,0.004673638853994078
2023-04-20,7.887763390068692e-05
2023-04-21,-0.012417239420824844
2023-04-24,0.010098601566650656
2023-04-25,-0.016952460051710694
2023-04-26,-0.0002412075332482999
2023-04-27,0.004503216947210342
2023-04-28,0.0006404655216785127
2023-05-01,0.00040002519220716515
2023-05-02,0.01579425557521219
2023-05-03,0.002834219095375623
2023-05-04,0.02194222106022048
2023-05-05,-0.011215664362678957
2023-05-08,-0.0041564833110090404
2023-05-09,0.0024184845831609625
2023-05-10,-0.009222488538451423
2023-05-11,-0.04736661007653631
2023-05-12,-0.010843066959726921
2023-05-15,0.005626885075708854
2023-05-16,-0.01616451638855798
2023-05-17,0.0006319796229374841
2023-05-18,-0.010820139829727404
2023-05-19,0.018088922102800886
2023-05-22,-0.008570231158627983
2023-05-23,-0.010162311552842307
2023-05-24,-0.015293565041193835
2023-05-25,-0.01423320239124537
2023-05-26,0.019924536291897388
2023-05-30,-0.004948355040366725
2023-05-31,0.015091932108107997
2023-06-01,0.017082689533658435
2023-06-02,-0.00971729214659689
2023-06-05,-0.004610212393248547
2023-06-06,0.0016996260440278466
2023-06-07,-0.005726657480105035
2023-06-08,0.03519778100013582
2023-06-09,0.0028849196411595557
2023-06-12,-0.014342032765125023
2023-06-13,-0.009547637447402169
2023-06-14,0.01212325743794862
2023-06-15,-0.006363328730290441
2023-06-16,0.007743478891314437
2023-06-20,-0.036675503085983774
2023-06-21,-0.01806582183106964
2023-06-22,-0.014841457252874002
2023-06-23,-0.004813768321122791
2023-06-26,0.021363365237074383
2023-06-27,0.005875854776517642
2023-06-28,-0.0030951284946163504
2023-06-29,-0.01211301511442231
2023-06-30,0.009694120396513961
2023-07-03,0.0037702955720411158
2023-07-05,0.01314642693846868
2023-07-06,-0.022028696339425502
2023-07-07,0.01789642137551506
2023-07-10,0.002554998372910511
2023-07-11,-0.0028075950330899158
2023-07-12,0.04474569090842495
2023-07-13,0.026908254239076834
2023-07-14,0.009932182391645172
2023-07-17,-0.0067961973457972835
2023-07-18,0.009660270944793048
2023-07-19,0.005381926008264815
2023-07-20,-0.01641617638678239
2023-07-21,-0.004313660901542615
2023-07-24,-0.010608111204567394
2023-07-25,0.009985246431989614
2023-07-26,0.005875220752783017
2023-07-27,-0.023726110049069882
2023-07-28,0.0055289973456122965
2023-07-31,0.01986045274178161
2023-08-01,-0.02599178835039584
2023-08-02,-0.01875415014145132
2023-08-03,-0.007072462408479141
2023-08-04,0.0013143449258750106
2023-08-07,-0.02011264632826637
2023-08-08,-0.01836492724600358
2023-08-09,-0.00294930813055605
2023-08-10,0.004238440247709141
2023-08-11,-0.0031654136587545567
2023-08-14,-0.0013231317931489128
2023-08-15,-0.002163919446543372
2023-08-16,-0.005089611573880437
2023-08-17,0.008451981489675742
2023-08-18,0.0011027617958436764
2023-08-21,0.026834155907406565
2023-08-22,0.004977653011027927
2023-08-23,0.04026476459345929
2023-08-24,-0.006238986355214138
2023-08-25,0.0003716851776653929
2023-08-28,0.0007432518791430365
2023-08-29,0.022237789448515732
2023-08-30,-0.001735528080628157
2023-08-31,-0.01059267154299759
2023-09-01,-0.009807117065345983
2023-09-05,-0.027814451149923314
2023-09-06,-0.0149418958159665
2023-09-07,-0.011031570152110981
2023-09-08,-0.0025272574326486996
2023-09-11,0.009217212919647055
2023-09-12,0.001038833456050936
2023-09-13,-0.009296499436582062
2023-09-14,-0.007157885181380719
2023-09-15,0.016616857458222833
2023-09-18,0.004583624600925207
2023-09-19,-0.0016356796413357078
2023-09-20,0.016599130206786494
2023-09-21,-0.005725443288902898
2023-09-22,0.006483553508102036
2023-09-25,-0.019113417409476585
2023-09-26,-0.008425132690621506
2023-09-27,-0.020610085591997174
2023-09-28,0.001690622023279298
2023-09-29,-0.012391709418562935
2023-10-02,-0.0457815995346782
2023-10-03,-0.0018852346699526068
2023-10-04,-0.010482582644314342
2023-10-05,-0.005153645888852809
2023-10-06,0.0331926978258279
2023-10-09,0.009331397001630215
2023-10-10,0.001609854710256542
2023-10-11,0.008311979598187857
2023-10-12,-0.007514728993680775
2023-10-13,0.04290562902546857
2023-10-16,-0.0051480034191297985
2023-10-17,0.011189750250962138
2023-10-18,0.0035428144564471076
2023-10-19,-0.0024843579761051338
2023-10-20,0.020273549073185126
2023-10-23,-0.011948067835688803
2023-10-24,-0.003987558859492868
2023-10-25,-0.004482103222879452
2023-10-26,-0.0039340886835418365
2023-10-27,-0.0007460481637604488
2023-10-30,0.02248568817112817
2023-10-31,-0.01894167158174065
2023-11-01,-0.006829829374017327
2023-11-02,0.0029094106917340046
2023-11-03,0.019779384241513043
2023-11-06,-0.00224128440710869
2023-11-07,-0.02769021319679743
2023-11-08,0.006175579508700624
2023-11-09,0.008124697098945033
2023-11-10,-0.02698082593832596
2023-11-13,0.0037812126685941028
2023-11-14,0.034979177871008904
2023-11-15,0.017591755783693985
2023-11-16,0.017330192864746907
2023-11-17,-0.003473973685970355
2023-11-20,-0.009660193616144896
2023-11-21,0.011196400811641194
2023-11-22,-0.007171896030680802
2023-11-24,0.027754290102174783
2023-11-27,0.014098418076112562
2023-11-28,0.010457174557924498
2023-11-29,0.00569595620674912
2023-11-30,0.008814564677437575
2023-12-01,0.008144596763751233
2023-12-04,-0.037021068263006884
2023-12-05,-0.014416619651022144
2023-12-06,-0.012892040299684715
2023-12-07,-0.006572045309319097
2023-12-08,-0.032066394268361886
2023-12-11,-0.008619561369765938
2023-12-12,-0.0019760276896877427
2023-12-13,-0.003915905380755924
2023-12-14,0.06435799875707748
2023-12-15,-0.009379142750496894
2023-12-18,-0.001633911547026079
2023-12-19,0.00877015465256159
2023-12-20,0.012770348928921704
2023-12-21,-0.00164295025271477
2023-12-22,-0.0006993166804813988
2023-12-26,-0.006010778693704588
2023-12-27,0.009567632066387999
2023-12-28,-0.009887147487179448
2023-12-29,-0.011643330194671453
2024-01-02,-0.005030848814834843
2024-01-03,-0.03316060576547941
2024-01-04,0.001874016019912661
2024-01-05,0.0057853503044364984
2024-01-08,-8.64501350436031e-05
2024-01-09,-0.009342625525613824
2024-01-10,-0.0008731466374872765
2024-01-11,-0.01516343769325812
2024-01-12,0.02773217294656627
2024-01-16,-0.009886887724490756
2024-01-17,-0.018183395099520272
2024-01-18,0.00670630062934241
2024-01-19,-0.004235261426847381
2024-01-22,-0.018076250736113297
2024-01-23,0.0077155402766453385
2024-01-24,0.018850162844746166
2024-01-25,0.0023292200376421324
2024-01-26,-0.002323807378931342
2024-01-29,0.016831524681981014
2024-01-30,-0.0013397933850592958
2024-01-31,-0.0024234971719295784
2024-02-01,0.003427120643084036
2024-02-02,-0.01854729639341679
2024-02-05,-0.016122687397658098
2024-02-06,0.0025968467602015544
2024-02-07,-0.0051355232348249125
2024-02-08,0.012882693758233366
2024-02-09,-0.0016397362787918812
2024-02-12,0.008034434968223314
2024-02-13,-0.026993657580151265
2024-02-14,0.010635349967157648
2024-02-15,0.026017702135647802
2024-02-16,0.023000982228498223
2024-02-20,-0.01420701786124634
2024-02-21,-0.011036140399354077
2024-02-22,-0.003763530726874076
2024-02-23,0.008961145419121408
2024-02-26,-0.019678682692107485
2024-02-27,0.00026648842859633426
2024-02-28,-0.005017132104411681
2024-02-29,0.011423494944824863
2024-03-01,0.02135353578484045
2024-03-04,0.027170614268891446
2024-03-05,-0.0006728138462840372
2024-03-06,0.021419806400887698
2024-03-07,0.004037635241598947
2024-03-08,-0.00127206150724124
2024-03-11,0.007107869058896821
2024-03-12,-0.01297319277442377
2024-03-13,0.03161938424449651
2024-03-14,-0.003405548349695642
2024-03-15,0.013106062667510798
2024-03-18,-0.004325442726693107
2024-03-19,-0.005061532104125521
2024-03-20,-0.0012417937482271935
2024-03-21,-0.003369014082274635
2024-03-22,-0.006318221422353165
2024-03-25,0.0021465009396581802
2024-03-26,-0.010588039244536107
2024-03-27,0.005799951033778061
2024-03-28,0.006984807715735952
2024-04-01,0.006331393893013626
2024-04-02,0.034062689909054145
2024-04-03,0.04421790429448058
2024-04-04,0.007236953135774993
2024-04-05,0.00957996447471543
2024-04-08,0.011386871325803405
2024-04-09,0.006459326671136134
2024-04-10,0.002509758994574618
2024-04-11,0.007689287100486775
2024-04-12,0.002803753489414751
2024-04-15,0.014015215776775225
2024-04-16,-0.01162257131719635
2024-04-17,0.000988766128217966
2024-04-18,-0.0005997389260626873
2024-04-19,0.016908471250415502
2024-04-22,-0.05536660611617261
2024-04-23,0.004336164070917192
2024-04-24,-0.000256118333077926
2024-04-25,0.0006587487335398823
2024-04-26,-0.0036939446093645634
2024-04-29,0.004845636128614883
2024-04-30,-0.0358747111773835
2024-05-01,0.0037133707405923033
2024-05-02,0.0035486375047919516
2024-05-03,-0.005191306062730439
2024-05-06,0.034940434896257644
2024-05-07,-0.002411486764367532
2024-05-08,0.0021243292334969244
2024-05-09,0.028178791283552274
2024-05-10,0.005083166861669763
2024-05-13,-0.0019097772139952118
2024-05-14,0.009354733486847788
2024-05-15,0.03612425163995825
2024-05-16,0.005116249248050986
2024-05-17,0.04658688444766779
2024-05-20,0.03729831889730084
2024-05-21,-0.010464268928749854
2024-05-22,-0.017980417643422508
2024-05-23,-0.03230546980078486
2024-05-24,0.0015189380330347113
2024-05-28,0.054104871557151046
2024-05-29,0.0072565273259557195
2024-05-30,-0.025308158945572257
2024-05-31,-0.03475849314923973
2024-06-03,0.011354254543179731
2024-06-04,-0.037629315354525406
2024-06-05,0.015599534265748893
2024-06-06,0.04337517671192592
2024-06-07,-0.061189895859102394
2024-06-10,0.014794615088155716
2024-06-11,-0.021364496598073268
2024-06-12,0.03580136617460572
2024-06-13,-0.0393027838818375
2024-06-14,0.014211820050662904
2024-06-17,-0.002618858202635521
2024-06-18,0.006138052696848417
2024-06-20,0.04307744267700575
2024-06-21,-0.03908887302939479
2024-06-24,-0.002840416262875678
2024-06-25,-0.022109953641181845
2024-06-26,0.002496810010564454
2024-06-27,0.00031128264123592153
2024-06-28,0.011031200223140525
2024-07-01,0.0021547946456834666
2024-07-02,0.0018089215486274401
2024-07-03,0.04071133015176476
2024-07-05,0.027497713128544543
2024-07-08,-0.0245316824257511
2024-07-09,0.005029699191622772
2024-07-10,-0.001462371017025732
2024-07-11,0.02170728791060772
2024-07-12,-0.016181417932193187
2024-07-15,-0.0069286664578506185
2024-07-16,0.017051342749879517
2024-07-17,-0.03391570990587822
2024-07-18,-0.004711759435220175
2024-07-19,-0.030238422223694772
2024-07-22,0.0012376653883683364
2024-07-23,0.00027466762288597124
2024-07-24,-0.0005492499662390626
2024-07-25,-0.04495810018777702
2024-07-26,0.0019060452945580675
2024-07-29,-0.005635373171659075
2024-07-30,0.023896353509286206
2024-07-31,0.01456020142248704
2024-08-01,-0.015532716375840083
2024-08-02,-0.0030002146726249013
2024-08-05,-0.04142179664333645
2024-08-06,0.0007386785287661901
2024-08-07,-0.009816974587489868
2024-08-08,0.024972049273118246
2024-08-09,-0.0004727450909091102
2024-08-12,0.015643770424762504
2024-08-13,-0.007952148562932582
2024-08-14,-0.015923451342707007
2024-08-15,0.03992072178678385
2024-08-16,0.015383559544646985
2024-08-19,0.01605392633006031
2024-08-20,0.007352946364267199
2024-08-21,0.0007129489070458739
2024-08-22,-0.015945152419279185
2024-08-23,0.02689094552908733
2024-08-26,0.006412407993308555
2024-08-27,-0.0008673006179557019
2024-08-28,-0.025875583605426522
2024-08-29,0.013058630455333953
2024-08-30,-0.02794594620825175
2024-09-03,-0.02714839948370895
2024-09-04,0.007727795369652846
2024-09-05,0.01963288577178668
2024-09-06,-0.031754831891045665
2024-09-09,0.017369095234224252
2024-09-10,-0.0012018097471043765
2024-09-11,0.010829166589690242
2024-09-12,0.04131219798880692
2024-09-13,0.032141995395075895
2024-09-16,0.0023453699275943762
2024-09-17,-0.00493972995497638
2024-09-18,-0.009079326062942927
2024-09-19,0.02481791206378059
2024-09-20,0.0026371885369911308
2024-09-23,-0.013119078526063421
2024-09-24,0.04368316219531865
2024-09-25,-0.012861639601018493
2024-09-26,0.010316158133503839
2024-09-27,-0.0158002312513863
2024-09-30,-0.01126303341275825
2024-10-01,0.009016818571665919
2024-10-02,0.005819703348834748
2024-10-03,0.017737413538265967
2024-10-04,-0.0018950831511999056
2024-10-07,-0.011920988846788827
2024-10-08,-0.04378646285145282
2024-10-09,0.0023060352844925802
2024-10-10,0.019063268183667548
2024-10-11,0.016610266536127183
2024-10-14,-0.01386422187888503
2024-10-15,0.014284343449114223
2024-10-16,0.007390484245950679
2024-10-17,-0.005887918093380962
2024-10-18,0.04621041878537113
2024-10-21,0.025339002845467862
2024-10-22,0.028403608455221052
2024-10-23,-0.03419373105084633
2024-10-24,-0.0008620490643831413
2024-10-25,-0.00023800005907959054
2024-10-28,0.006755384509613993
2024-10-29,0.012976623004811616
2024-10-30,-0.010359203348133894
2024-10-31,-0.03718232958995682
2024-11-01,-0.003399383223836372
2024-11-04,-0.0019052387788993652
2024-11-05,0.005387907711774442
2024-11-06,-0.043913586390279424
2024-11-07,0.017424128257449656
2024-11-08,-0.012781367788340492
2024-11-11,-0.026116851608394387
2024-11-12,0.004780612167709197
2024-11-13,-0.003128484241499141
2024-11-14,-0.002680638430791249
2024-11-15,-0.004490596977990924
2024-11-18,0.026077501973511552
2024-11-19,0.0014440223932599139
2024-11-20,-0.008074878510206385
2024-11-21,-0.001421330627194739
2024-11-22,0.012842887924550128
2024-11-25,-0.03510175793854686
2024-11-26,0.005892135565070067
2024-11-27,-0.009115454308721516
2024-11-29,0.019062781337592094
2024-12-02,-0.007691056675126595
2024-12-03,0.020624660001142603
2024-12-04,0.013772227199619014
2024-12-05,-0.011775857479502272
2024-12-06,0.0016702010245146504
2024-12-09,0.033027600619424335
2024-12-10,0.004562930277662192
2024-12-11,0.006149037987671191
2024-12-12,-0.04096798780598987
2024-12-13,-0.018348915660839404
2024-12-16,0.0013700802170819593
2024-12-17,-0.004039500536868523
2024-12-18,-0.005331504931363473
2024-12-19,-0.04327523829303792
2024-12-20,0.01945418274295685
2024-12-23,0.007687142318040241
2024-12-24,0.002877423668029344
2024-12-26,0.0024354426414572306
2024-12-27,-0.013046233846601973
2024-12-30,-0.018512890818617622
2024-12-31,-0.005703303953378258
2025-01-02,0.023565970888391075
2025-01-03,0.0062116002165624185
2025-01-06,0.017982932775813643
2025-01-07,0.0034605976299377783
2025-01-08,0.0001641922001478502
2025-01-09,0.011132297181957851
2025-01-10,0.009743081627587857
2025-01-13,-0.03216364905810232
2025-01-14,0.0013625459620822955
2025-01-15,0.03939334498811231
2025-01-16,0.006513633207852365
2025-01-17,-0.018145496841520226
2025-01-21,0.011631307794818468
2025-01-22,-0.002299527262444201
2025-01-23,-0.018118376843116457
2025-01-24,0.011410699185614659
2025-01-27,-0.024788092452457056
2025-01-28,0.015634282228265572
2025-01-29,0.016630377256936058
2025-01-30,0.03604576184903596
2025-01-31,-0.00729205511044273
2025-02-03,0.008217130028581376
2025-02-04,0.015312491546813023
2025-02-05,-0.0009426553617764011
2025-02-06,-0.010317341695682769
2025-02-07,-0.005627728372616492
2025-02-10,0.0017627713506027654
2025-02-11,-0.004970341704719661
2025-02-12,0.014396100479043827
2025-02-13,-0.001376300976499767
2025-02-14,0.0046247213759320616
2025-02-18,0.01573130912496601
2025-02-19,-0.00972480406305376
2025-02-20,0.01366957262419044
2025-02-21,-0.013993496490897095
2025-02-24,-0.012160388125937782
2025-02-25,-0.023760556928380083
2025-02-26,0.014213318495393423
2025-02-27,-0.014014131185418943
2025-02-28,-0.018301334203930653
2025-03-03,0.02604188614772629
2025-03-04,0.0023726338174654416
2025-03-05,0.02335866326325786
2025-03-06,0.006238907095120316
2025-03-07,-0.015576305665112145
2025-03-10,-0.00838757549306346
2025-03-11,0.018992995536505797
2025-03-12,0.018122131510585948
2025-03-13,0.016933386404171413
2025-03-14,0.003994055541165054
2025-03-17,-0.0033053195398122792
2025-03-18,0.01482060340978486
2025-03-19,-0.017467252522576415
2025-03-20,-0.005562889728071285
2025-03-21,-0.014680589305523517
2025-03-24,-0.0007510222081422713
2025-03-25,0.022155404284226465
2025-03-26,0.000911771395887051
2025-03-27,0.025387076833728317
2025-03-28,-0.007249859719744234
2025-03-31,-0.005397767998737257
2025-04-01,-0.008677475510504018
2025-04-02,0.0099830080952088
2025-04-03,-0.0769587712012717
2025-04-04,-0.08566765016937172
2025-04-07,0.013532113633570875
2025-04-08,0.00277867907017626
2025-04-09,0.024702653537020947
2025-04-10,0.011476423196049801
2025-04-11,0.03759251043880152
2025-04-14,0.008421306405630435
2025-04-15,0.004206722672204677
2025-04-16,0.021689808985916326
2025-04-17,-0.015367810852573438
2025-04-21,0.002344238565390455
2025-04-22,0.011816922364088267
2025-04-23,0.019403907215262306
2025-04-24,-0.0010741427986258323
2025-04-25,-0.014724331072515251
2025-04-28,3.041226009736775e-05
2025-04-29,0.008638976522780117
2025-04-30,-0.02235922662029688
2025-05-01,-0.010513020460731104
2025-05-02,-0.00621326742349515
2025-05-05,0.0067523682465611135
2025-05-06,0.028194289036002074
2025-05-07,-0.017576201137898928
2025-05-08,-0.004703202739684387
2025-05-09,0.009203791314666088
2025-05-12,-0.008813753566716098
2025-05-13,0.014820289389219754
2025-05-14,-0.019532624115066843
2025-05-15,0.007912779626133126
2025-05-16,-0.00994421508092913
2025-05-19,0.004819913409449761
2025-05-20,0.020641841227162283
2025-05-21,0.014645291592990661
2025-05-22,-0.012431651210603745
2025-05-23,0.011952686760132725
2025-05-27,-0.008851187672370253
2025-05-28,-0.004404752018235314
2025-05-29,0.008575786363636428
2025-05-30,-0.011747818671381083
2025-06-02,0.05080267319933651
2025-06-03,-0.001736000360753498
2025-06-04,0.00046380490871156255
2025-06-05,0.0338943230037585
2025-06-06,0.009414731646167462
2025-06-09,0.01840383544322366
2025-06-10,-0.003979500410882686
2025-06-11,-0.010289514855566617
2025-06-12,0.0012995874445376199
2025-06-13,0.0018776952379777612
2025-06-16,0.002701231905988699
2025-06-17,0.019544201279265483
2025-06-18,-0.00603933726325423
2025-06-20,-0.024141468093097695
2025-06-23,0.0049198946919997155
2025-06-24,-0.012502411183035855
2025-06-25,0.010755969517415531
2025-06-26,0.013883870660195585
2025-06-27,-0.015005734759426237
2025-06-30,-0.005133545145737162
2025-07-01,0.00641524970338736
2025-07-02,0.009533782856835593
2025-07-03,0.009828192029729621
2025-07-04,-0.00024464087380771105
2025-07-07,-0.00435077752123203
2025-07-08,-0.0039055456353593865
2025-07-09,-0.0033175690831840354
2025-07-10,0.018898969137459476
2025-07-11,0.044224865532824786
2025-07-14,-0.005533066947158827
2025-07-15,-0.016327859721539606
2025-07-16,0.0005022204944182818
2025-07-17,0.005362827690481353
2025-07-18,0.004388264953047782
2025-07-21,0.0229705198408634
2025-07-22,0.005600827095331606
2025-07-23,-0.0010681538741385
2025-07-24,-0.006543102265522016
2025-07-25,-0.02188565367288664
2025-07-28,-0.0036942605042306065
2025-07-29,0.0015252366408580187
2025-07-30,-0.013601453235808636
2025-07-31,-0.02699259167821977
2025-08-01,0.006429213776492082
2025-08-04,0.01100939472535778
2025-08-05,0.013309284581779934
2025-08-06,0.002096175589302307
2025-08-07,0.010379762803593762
2025-08-08,0.006787537699875168
2025-08-11,-0.01965278583797536
2025-08-12,0.006292802237427564
2025-08-13,0.015831613434312386
2025-08-14,-0.013428974846465214
2025-08-15,-0.002316819377974788
2025-08-18,0.0015041747633077751
2025-08-19,-0.018181302631865348
2025-08-20,0.011915950217483262
2025-08-21,0.00853994388998558
2025-08-22,0.02566591918804151
2025-08-25,-0.008358337148200223
2025-08-26,-0.0024561732959765825
2025-08-27,0.0027732737539660768
2025-08-28,0.012949403205523735
2025-08-29,0.025771935833313497
2025-09-02,0.021666626207297535
2025-09-03,0.01146796230303071
2025-09-04,-0.015189459408167738
2025-09-05,0.003984307711593749
2025-09-08,0.008569834171824553
2025-09-09,-0.013228415906175517
2025-09-10,0.00623810069702202
2025-09-11,0.013711598666587221
2025-09-12,0.016548012163158488
2025-09-15,0.0030669131292708762
2025-09-16,-0.001081864239009911
2025-09-17,-0.017635575761912103
2025-09-18,-0.0003595079324303363
2025-09-19,0.01987672466228685
2025-09-22,0.0296925077765835
2025-09-23,0.008972843030304212
2025-09-24,-0.009390860278245872
2025-09-25,0.02101555979083325
2025-09-26,0.03409629545013804
2025-09-29,0.0084593330808993
2025-09-30,-0.007701904311634977
2025-10-01,0.022420223704264997
2025-10-02,-0.027278513320020403
2025-10-03,0.034717393913043404
2025-10-06,0.010189730629603488
2025-10-07,-0.01878041400711894
2025-10-08,0.031306245435250624
2025-10-09,-0.03711772085042675
2025-10-10,0.0018783620677458313
2025-10-13,0.06800463075463914
2025-10-14,0.0036704190319700736
2025-10-15,0.01508531805004476
2025-10-16,0.03818058228387056
2025-10-17,-0.05957792789728478
2025-10-20,0.025168480467228527
2025-10-21,-0.07177368018392982
2025-10-22,0.0002317761817460795
2025-10-23,0.021512398209226458
2025-10-24,-0.0021657428195734907
2025-10-27,-0.03751780125409965
2025-10-28,0.01209139913954127
2025-10-29,0.012647229071618193
2025-10-30,0.014815295573725296
2025-10-31,-0.008961797048267162
2025-11-03,-0.002208588389141619
2025-11-04,-0.015828587793267568
2025-11-05,0.015552681378286248
2025-11-06,-0.0014416196539975834
2025-11-07,0.004665848767047898
2025-11-10,0.04498406662062937
2025-11-11,0.008788925331275177
2025-11-12,0.053617304089286
2025-11-13,-0.004837609999035153
2025-11-14,-0.04680259823432553
2025-11-17,0.0006918333642265129
2025-11-18,-0.003456775111111088
2025-11-19,0.006739348956949165
2025-11-20,-0.010691066354877266
2025-11-21,-0.007443241143126
2025-11-24,0.008461433254314255
2025-11-25,0.012705039531766937
2025-11-26,0.03891314904672427
2025-11-28,0.0667094783301363
2025-12-01,0.03493604772163916
2025-12-02,-0.007446293358824185
2025-12-03,-0.0010692837240490194
2025-12-04,-0.018542519698972693
2025-12-05,0.02770596103005052
2025-12-08,-0.011006154363159881
2025-12-09,0.04136449951910226
2025-12-10,0.0034902176281386144
2025-12-11,0.058795262173134466
2025-12-12,-0.0401539411827051
2025-12-15,0.025716227186221907
2025-12-16,-0.003813121627327165
2025-12-17,0.05641146263360919
2025-12-18,-0.024835011431211473
2025-12-19,0.03488045346007396
2025-12-22,0.015872495932912623
2025-12-23,0.03797900696879286
2025-12-24,0.0077462951730828955
2025-12-26,0.07679748230957673
2025-12-29,-0.08668249411394291
2025-12-30,0.10762135589761779
2025-12-31,-0.09357145563801406
2026-01-02,0.006017011061884903
2026-01-05,0.07948298825154354
2026-01-06,0.05732363368924287
2026-01-07,-0.04215816082743029
2026-01-08,-0.03136058407841236
2026-01-09,0.055784558584731636
2026-01-12,0.07258756813472234
2026-01-13,0.01497456897370908
2026-01-14,0.05812970252736682
2026-01-15,0.011081844341083391
2026-01-16,-0.04119678754689171
2026-01-20,0.06941682603891941
2026-01-21,-0.021187633196185218
2026-01-22,0.04084154514232963
2026-01-23,0.05156502966632548
