Date,Rolling_Volatility
2016-11-10,
2016-11-14,
2016-11-15,
2016-11-16,
2016-11-17,
2016-11-18,
2016-11-21,
2016-11-22,
2016-11-23,
2016-11-25,
2016-11-28,
2016-11-29,
2016-11-30,
2016-12-01,
2016-12-02,
2016-12-05,
2016-12-06,
2016-12-07,
2016-12-08,
2016-12-09,
2016-12-12,
2016-12-13,
2016-12-14,
2016-12-15,
2016-12-16,
2016-12-19,
2016-12-20,
2016-12-21,
2016-12-22,
2016-12-23,0.3949955440116492
2016-12-27,0.39246754576241205
2016-12-28,0.2760308906568499
2016-12-29,0.27673796802941614
2016-12-30,0.278720412204308
2017-01-03,0.289435825554226
2017-01-04,0.28960141642313697
2017-01-05,0.28940367112229154
2017-01-06,0.2895181709951292
2017-01-09,0.2876859705312343
2017-01-10,0.2888248240725841
2017-01-11,0.2882974072781691
2017-01-12,0.28799605731565825
2017-01-13,0.2844219125387287
2017-01-17,0.29152367107485094
2017-01-18,0.2869910584439855
2017-01-19,0.29082051003536824
2017-01-20,0.2903811007673319
2017-01-23,0.2801705532198874
2017-01-24,0.27843366180981116
2017-01-25,0.2798224433002526
2017-01-26,0.2780605342034892
2017-01-27,0.2802926396192609
2017-01-30,0.27727825461904065
2017-01-31,0.17901751809875657
2017-02-01,0.17641781729480174
2017-02-02,0.17399909093312874
2017-02-03,0.17397024563190125
2017-02-06,0.1726216165740483
2017-02-07,0.16999394311357785
2017-02-08,0.16807989618103036
2017-02-09,0.1652759030452821
2017-02-10,0.1665981319359084
2017-02-13,0.16757527486686977
2017-02-14,0.1593199730206349
2017-02-15,0.1443986786308259
2017-02-16,0.1437797379112144
2017-02-17,0.14450180219534114
2017-02-21,0.14207631609625773
2017-02-22,0.14140832820462032
2017-02-23,0.1410107130604755
2017-02-24,0.14328392510579652
2017-02-27,0.14309344179191422
2017-02-28,0.1417185956387657
2017-03-01,0.1290529670009921
2017-03-02,0.17748425879061458
2017-03-03,0.1705398277186702
2017-03-06,0.1705377733834585
2017-03-07,0.17406508365577394
2017-03-08,0.17883488822444502
2017-03-09,0.18107004464963422
2017-03-10,0.1806522083337414
2017-03-13,0.1737688673501313
2017-03-14,0.17385254358573068
2017-03-15,0.15939789956116604
2017-03-16,0.1748762151059982
2017-03-17,0.17544457358105187
2017-03-20,0.175278243420342
2017-03-21,0.17328991585489922
2017-03-22,0.17289516170181776
2017-03-23,0.17276685126191907
2017-03-24,0.17467476288588007
2017-03-27,0.18177427238667193
2017-03-28,0.18203327971885683
2017-03-29,0.18182216287307848
2017-03-30,0.18172615692256694
2017-03-31,0.18098494974876958
2017-04-03,0.18098185614733867
2017-04-04,0.18162408111334563
2017-04-05,0.18289733487982773
2017-04-06,0.18109270117512838
2017-04-07,0.17809720388243055
2017-04-10,0.18179098732604976
2017-04-11,0.19024908528431766
2017-04-12,0.19037328166329034
2017-04-13,0.15136160632779122
2017-04-17,0.1512995303203888
2017-04-18,0.15710131203773328
2017-04-19,0.1529349027234038
2017-04-20,0.14913188176249612
2017-04-21,0.14402374169460164
2017-04-24,0.14197750537963394
2017-04-25,0.15006354675632128
2017-04-26,0.15528135482179864
2017-04-27,0.15624410194301352
2017-04-28,0.14018794468303633
2017-05-01,0.15523605125862514
2017-05-02,0.15506279999575298
2017-05-03,0.1586648341561131
2017-05-04,0.1627590460147476
2017-05-05,0.16243134446677207
2017-05-08,0.1588068751630965
2017-05-09,0.14457795738918977
2017-05-10,0.14526069252705834
2017-05-11,0.14644457233971045
2017-05-12,0.15070044768426674
2017-05-15,0.15732268138934913
2017-05-16,0.16059377328705068
2017-05-17,0.16253918762386949
2017-05-18,0.16512518123088343
2017-05-19,0.16709324088506683
2017-05-22,0.18331053089993818
2017-05-23,0.1802600592562595
2017-05-24,0.16959861489414585
2017-05-25,0.17012946214411215
2017-05-26,0.16781416097292734
2017-05-30,0.16939643939331414
2017-05-31,0.1661068150375839
2017-06-01,0.1663473922946184
2017-06-02,0.17131119874578107
2017-06-05,0.16998046563430522
2017-06-06,0.17147221130171766
2017-06-07,0.16643446416440055
2017-06-08,0.16551294157418928
2017-06-09,0.16799236188233146
2017-06-12,0.1740434695011527
2017-06-13,0.16225195269593326
2017-06-14,0.17438170706986741
2017-06-15,0.18212120898651143
2017-06-16,0.1767559501051717
2017-06-19,0.17900894451592256
2017-06-20,0.17973827204836637
2017-06-21,0.17623406527462013
2017-06-22,0.17597185015308503
2017-06-23,0.1771822829540674
2017-06-26,0.17627017792003002
2017-06-27,0.17215514164482015
2017-06-28,0.17232443470627476
2017-06-29,0.17137393695909428
2017-06-30,0.16674628593036392
2017-07-03,0.188973288604691
2017-07-05,0.17603985793292434
2017-07-06,0.17752349262404588
2017-07-07,0.20101366607965493
2017-07-10,0.20569942409054354
2017-07-11,0.20572953088733717
2017-07-12,0.207059544356737
2017-07-13,0.20875008142083032
2017-07-14,0.21539847772440576
2017-07-17,0.21314696416091147
2017-07-18,0.2160142995468854
2017-07-19,0.21437658012823504
2017-07-20,0.21486777584577355
2017-07-21,0.21469751755348748
2017-07-24,0.2129473473810394
2017-07-25,0.20930272240539086
2017-07-26,0.2077100098909788
2017-07-27,0.19779979328028308
2017-07-28,0.18671850182229924
2017-07-31,0.18702450342018984
2017-08-01,0.18493150131212552
2017-08-02,0.18429109557532244
2017-08-03,0.18512613819462034
2017-08-04,0.19510882320826337
2017-08-07,0.1933109778083146
2017-08-08,0.19488758664827394
2017-08-09,0.212606440333206
2017-08-10,0.214009457836227
2017-08-11,0.21251824639530545
2017-08-14,0.21250544737427582
2017-08-15,0.20217848034973857
2017-08-16,0.2009360034884827
2017-08-17,0.20114799339490114
2017-08-18,0.1684177532401394
2017-08-21,0.16583184681696653
2017-08-22,0.1657911309098141
2017-08-23,0.1647490057311188
2017-08-24,0.1601228026210459
2017-08-25,0.15571036085494827
2017-08-28,0.16537978972180414
2017-08-29,0.16390964615318426
2017-08-30,0.16420980918036138
2017-08-31,0.16430681487971105
2017-09-01,0.16709267126837637
2017-09-05,0.16727373776310633
2017-09-06,0.16748956895642322
2017-09-07,0.16768841993683103
2017-09-08,0.16745113602986497
2017-09-11,0.17227461487307938
2017-09-12,0.17225398504336872
2017-09-13,0.1722504293473456
2017-09-14,0.17283772142032447
2017-09-15,0.17236061699166952
2017-09-18,0.1838043527718215
2017-09-19,0.1843963831301892
2017-09-20,0.18339465210511557
2017-09-21,0.1734272857691579
2017-09-22,0.16990478043652124
2017-09-25,0.1720925117548807
2017-09-26,0.1772332339925985
2017-09-27,0.1635166948864281
2017-09-28,0.1585633291996352
2017-09-29,0.15955574253420007
2017-10-02,0.15943562803827876
2017-10-03,0.15936971047762102
2017-10-04,0.1593344498255259
2017-10-05,0.1587759385545306
2017-10-06,0.16092172842118863
2017-10-09,0.16348936273672873
2017-10-10,0.15423286723554858
2017-10-11,0.1546315342393379
2017-10-12,0.1564460166140188
2017-10-13,0.15791090739199296
2017-10-16,0.15241566187056338
2017-10-17,0.1593269574391308
2017-10-18,0.159353242506667
2017-10-19,0.16254730015129049
2017-10-20,0.16443481651987207
2017-10-23,0.16155071995888942
2017-10-24,0.16229009485510446
2017-10-25,0.162297083617746
2017-10-26,0.1626657193789686
2017-10-27,0.16249831262927536
2017-10-30,0.13874374551947313
2017-10-31,0.13902539212777076
2017-11-01,0.1641685277430196
2017-11-02,0.1552124457469514
2017-11-03,0.16357828144577594
2017-11-06,0.17593095401550302
2017-11-07,0.17745827683035306
2017-11-08,0.1802429559727825
2017-11-09,0.1826717193959837
2017-11-10,0.18105682690081606
2017-11-13,0.18328981689236326
2017-11-14,0.18326818032568387
2017-11-15,0.18429840853372798
2017-11-16,0.1849665912192245
2017-11-17,0.18983286972142135
2017-11-20,0.20873925247081485
2017-11-21,0.2055954709877036
2017-11-22,0.20695366074813618
2017-11-24,0.20669581052502606
2017-11-27,0.20514053567428112
2017-11-28,0.20758848525339932
2017-11-29,0.20926903622624551
2017-11-30,0.20947877760637393
2017-12-01,0.2039888739846759
2017-12-04,0.20232680635374542
2017-12-05,0.208642778079419
2017-12-06,0.2085843463005423
2017-12-07,0.20974956863041305
2017-12-08,0.20966667097186753
2017-12-11,0.20961176029260503
2017-12-12,0.2087630098671815
2017-12-13,0.21232065177523102
2017-12-14,0.19203648115279295
2017-12-15,0.19447826571117285
2017-12-18,0.19138620608053306
2017-12-19,0.17591159971457712
2017-12-20,0.17244372184576456
2017-12-21,0.1677903864354419
2017-12-22,0.17128449056754688
2017-12-26,0.17360538891419358
2017-12-27,0.1715105976678377
2017-12-28,0.17585771833593608
2017-12-29,0.17951484943486312
2018-01-02,0.178906960008485
2018-01-03,0.1714468780451121
2018-01-04,0.14538160814185339
2018-01-05,0.14407431478578542
2018-01-08,0.143936890599646
2018-01-09,0.14414766527521328
2018-01-10,0.1441421507913952
2018-01-11,0.14047494869966742
2018-01-12,0.12812571307966494
2018-01-16,0.12702802183783204
2018-01-17,0.12568184641019697
2018-01-18,0.13197623823598348
2018-01-19,0.11731578983426749
2018-01-22,0.11532126196161609
2018-01-23,0.1116354002471718
2018-01-24,0.14403628765050733
2018-01-25,0.14331445341172344
2018-01-26,0.14500887628474549
2018-01-30,0.1591784238102956
2018-01-31,0.16110358935417962
2018-02-01,0.16182788289167407
2018-02-02,0.17989971405036417
2018-02-05,0.1796812454875872
2018-02-06,0.1796500388311897
2018-02-07,0.1899977994996065
2018-02-08,0.18733309218853875
2018-02-09,0.18804626888338008
2018-02-12,0.20357233129211033
2018-02-13,0.19995743063393193
2018-02-14,0.2058572429297168
2018-02-15,0.20591344101601256
2018-02-16,0.20585362326076204
2018-02-20,0.2105192451664321
2018-02-21,0.2134520135719115
2018-02-22,0.21239695667388622
2018-02-23,0.21208025786482146
2018-02-26,0.21243483913404024
2018-02-27,0.2146755626820905
2018-02-28,0.2119520183027277
2018-03-01,0.2122442290932198
2018-03-02,0.21587996680382407
2018-03-05,0.21342413033947696
2018-03-06,0.2240551429622194
2018-03-07,0.22920860167302706
2018-03-08,0.22898602069878313
2018-03-09,0.20572941872353767
2018-03-12,0.20413919886800336
2018-03-13,0.20391102781089673
2018-03-14,0.1956502779086336
2018-03-15,0.19283458119577274
2018-03-16,0.1938675677477321
2018-03-19,0.18035694531397037
2018-03-20,0.18152861852531868
2018-03-21,0.1863232612564493
2018-03-22,0.17616440787697202
2018-03-23,0.17871165650070417
2018-03-26,0.17530750648861604
2018-03-27,0.15953336826026915
2018-03-28,0.16701598086669456
2018-03-29,0.15382333185329405
2018-04-02,0.17097164998654454
2018-04-03,0.17718933017983152
2018-04-04,0.17266000852357452
2018-04-05,0.17074876786946155
2018-04-06,0.17075979471024633
2018-04-09,0.17257109338671253
2018-04-10,0.17258197246613538
2018-04-11,0.17122362968378793
2018-04-12,0.1793424023508306
2018-04-13,0.18044362121286597
2018-04-16,0.17750103556457514
2018-04-17,0.17792866196727808
2018-04-18,0.18293399580890027
2018-04-19,0.17468024113743158
2018-04-20,0.17551794336616455
2018-04-23,0.20194812595812214
2018-04-24,0.2024006175703179
2018-04-25,0.20505179457456338
2018-04-26,0.20439019358321936
2018-04-27,0.20388370485023743
2018-04-30,0.20272623811753238
2018-05-01,0.2083959471752649
2018-05-02,0.21214307545429073
2018-05-03,0.20836603277795354
2018-05-04,0.2086534632257047
2018-05-07,0.20551773523357245
2018-05-08,0.20466775662375805
2018-05-09,0.20359086579433538
2018-05-10,0.20042512349402739
2018-05-11,0.20045924215023284
2018-05-14,0.18815935292005587
2018-05-15,0.19338922592015825
2018-05-16,0.19269215720013436
2018-05-17,0.1927739712444756
2018-05-18,0.19284158960326814
2018-05-21,0.19085250243115154
2018-05-22,0.19073975189673403
2018-05-23,0.19033059574624808
2018-05-24,0.19033413991923295
2018-05-25,0.18915101605073062
2018-05-29,0.19140441695945312
2018-05-30,0.19310044885333624
2018-05-31,0.17431266241907825
2018-06-01,0.1742977849240917
2018-06-04,0.1741229580801749
2018-06-05,0.1465516114193658
2018-06-06,0.14759155577151462
2018-06-07,0.14460683609860558
2018-06-08,0.14529898856360546
2018-06-11,0.1485128534615654
2018-06-12,0.14771834548312288
2018-06-13,0.13827147609235865
2018-06-14,0.13861599270808342
2018-06-15,0.1936897668665944
2018-06-18,0.1934313355551989
2018-06-19,0.19436842416523142
2018-06-20,0.19433719141416597
2018-06-21,0.19392689566831717
2018-06-22,0.19124472787002675
2018-06-25,0.19249144782538768
2018-06-26,0.19205417647978734
2018-06-27,0.1811835936105639
2018-06-28,0.18315470769852898
2018-06-29,0.18420382508825373
2018-07-02,0.1947356421235493
2018-07-03,0.19869467456306059
2018-07-05,0.19871523601866678
2018-07-06,0.19675194279558242
2018-07-09,0.18996229781662338
2018-07-10,0.18880066047295815
2018-07-11,0.1924480712322042
2018-07-12,0.19238456143465388
2018-07-13,0.1938529997602564
2018-07-16,0.19387281266233408
2018-07-17,0.19632736878372692
2018-07-18,0.1946798475554771
2018-07-19,0.19324104919271493
2018-07-20,0.19441120292129294
2018-07-23,0.1949649360987327
2018-07-24,0.19142159535903128
2018-07-25,0.1926181655780453
2018-07-26,0.1910216269851836
2018-07-27,0.1824849313214576
2018-07-30,0.13460250583485722
2018-07-31,0.13500121460723652
2018-08-01,0.13506297645896603
2018-08-02,0.13519472120123083
2018-08-03,0.13645613838720352
2018-08-06,0.13396418314768457
2018-08-07,0.13336884547316663
2018-08-08,0.1342665229691966
2018-08-09,0.13425699903807511
2018-08-10,0.13321074581891176
2018-08-13,0.139962057784379
2018-08-14,0.12799392171434026
2018-08-15,0.16329765101216623
2018-08-16,0.17484023244964106
2018-08-17,0.17498281731891896
2018-08-20,0.17438610942593333
2018-08-21,0.17655461294533664
2018-08-22,0.17131076120374059
2018-08-23,0.17036720311985062
2018-08-24,0.17875658580933404
2018-08-27,0.1796652537218749
2018-08-28,0.1773951387854923
2018-08-29,0.17769405645850028
2018-08-30,0.17968649865178737
2018-08-31,0.1762667887945516
2018-09-04,0.18877596564021848
2018-09-05,0.1879865477413531
2018-09-06,0.1866421308114135
2018-09-07,0.18658476657406206
2018-09-10,0.18673906076670413
2018-09-11,0.18604009137768812
2018-09-12,0.18943753892719814
2018-09-13,0.18907415870053762
2018-09-14,0.1894602910702609
2018-09-17,0.18971357278488865
2018-09-18,0.18921749175110353
2018-09-19,0.191110619967081
2018-09-20,0.19061856792894866
2018-09-21,0.19088448660407592
2018-09-24,0.18960791964729395
2018-09-25,0.1847627500357036
2018-09-26,0.18446581145255758
2018-09-27,0.1450119620278974
2018-09-28,0.15991648670038708
2018-10-01,0.16405620636559926
2018-10-02,0.16843098602812162
2018-10-03,0.16729492386988146
2018-10-04,0.16795582335156936
2018-10-05,0.16331116156813777
2018-10-08,0.16630300659135275
2018-10-09,0.16645744536107912
2018-10-10,0.16645260404883724
2018-10-11,0.17640005562232475
2018-10-12,0.1713565502307581
2018-10-15,0.1719975109352124
2018-10-16,0.1525740354224849
2018-10-17,0.15277413524536343
2018-10-18,0.15303909460298257
2018-10-19,0.15306528756043453
2018-10-22,0.15378985668845283
2018-10-23,0.15808550003904964
2018-10-24,0.1583875689466411
2018-10-25,0.15831535366261873
2018-10-26,0.15673683516266732
2018-10-29,0.1655466870789293
2018-10-30,0.16527125739822815
2018-10-31,0.16810880207721626
2018-11-01,0.1963525690195875
2018-11-02,0.19635662397813594
2018-11-05,0.19765297960347028
2018-11-06,0.19800348569964799
2018-11-07,0.19740230495371444
2018-11-08,0.19839959773715019
2018-11-09,0.18649363872289668
2018-11-12,0.1842554671742847
2018-11-13,0.179395305858323
2018-11-14,0.18122341596309377
2018-11-15,0.18525101390130433
2018-11-16,0.18665465453100896
2018-11-19,0.17590681599243452
2018-11-20,0.17752298939352062
2018-11-21,0.18308953474145012
2018-11-23,0.18144850518803549
2018-11-26,0.181358120985704
2018-11-27,0.18138600258924056
2018-11-28,0.18908904286567352
2018-11-29,0.18905065665517712
2018-11-30,0.1919509729638485
2018-12-03,0.20139550537957646
2018-12-04,0.2031911701811666
2018-12-06,0.200300130545856
2018-12-07,0.20270280401600224
2018-12-10,0.20337185774228425
2018-12-11,0.20289743934432403
2018-12-12,0.20097956260033298
2018-12-13,0.2009668654755042
2018-12-14,0.20254213936068524
2018-12-17,0.17630844373490365
2018-12-18,0.17656897785966344
2018-12-19,0.1769211254238672
2018-12-20,0.17440876501157646
2018-12-21,0.17747990268779013
2018-12-24,0.17631669782599696
2018-12-26,0.17435262058120798
2018-12-27,0.17346004311062582
2018-12-28,0.1737935078934627
2018-12-31,0.17371340112935005
2019-01-02,0.1716625803810076
2019-01-03,0.17233755611995585
2019-01-04,0.17263488041006214
2019-01-07,0.16928961344852506
2019-01-08,0.16543000070463798
2019-01-09,0.1536782679236589
2019-01-10,0.15502621102154415
2019-01-11,0.1512000603200633
2019-01-14,0.14555736950459408
2019-01-15,0.14624920982131054
2019-01-16,0.13889097365889752
2019-01-17,0.13178849527394357
2019-01-18,0.1338735385918348
2019-01-22,0.13135869874311118
2019-01-23,0.12756897435457895
2019-01-24,0.12690487838208153
2019-01-25,0.14551400953071367
2019-01-28,0.14034595456287635
2019-01-29,0.14043575866444166
2019-01-30,0.1311337194063338
2019-01-31,0.1312331358208276
2019-02-01,0.13436011635313222
2019-02-04,0.13438656228850526
2019-02-05,0.1352819361382391
2019-02-06,0.13284970245285926
2019-02-07,0.13178176400123912
2019-02-08,0.12040515513253705
2019-02-11,0.11869139753094946
2019-02-12,0.11634484717992086
2019-02-13,0.1151245100433534
2019-02-14,0.11582676716403362
2019-02-15,0.1193607075726087
2019-02-19,0.12619549205764424
2019-02-20,0.1311489217562441
2019-02-21,0.1477973794886857
2019-02-22,0.14915464110991075
2019-02-25,0.1489183853754999
2019-02-26,0.14891896617021105
2019-02-27,0.1518255476299354
2019-02-28,0.15346922387146555
2019-03-01,0.16814975463257248
2019-03-04,0.16956519518048058
2019-03-05,0.16790874628026914
2019-03-06,0.1674892530869428
2019-03-07,0.16711227167396028
2019-03-08,0.17779206392585653
2019-03-11,0.1599767796695918
2019-03-12,0.16197365269785066
2019-03-13,0.1614512285124865
2019-03-14,0.16770947733220357
2019-03-15,0.1683548018959776
2019-03-18,0.1669705884061007
2019-03-19,0.16743048234005029
2019-03-20,0.16750982051772878
2019-03-21,0.1681698286360926
2019-03-22,0.16811860219070462
2019-03-25,0.17010678688733513
2019-03-26,0.17065036422317606
2019-03-27,0.1722049574541065
2019-03-28,0.18170879539404644
2019-03-29,0.1832467980144179
2019-04-01,0.17744226401646604
2019-04-02,0.1711349488396616
2019-04-03,0.16571395040490788
2019-04-04,0.15406233402436426
2019-04-05,0.15180187685502367
2019-04-08,0.1543968162778619
2019-04-09,0.15436444075629258
2019-04-10,0.15257697365480027
2019-04-11,0.16624802825560359
2019-04-12,0.15372851805855442
2019-04-15,0.15117598657050843
2019-04-16,0.15155159605731008
2019-04-17,0.15166560760324335
2019-04-18,0.15147951922918307
2019-04-22,0.13809150204952347
2019-04-23,0.14168437803747178
2019-04-24,0.1411932162234613
2019-04-25,0.14080896910577406
2019-04-26,0.13431516993544965
2019-04-29,0.13392214474792147
2019-04-30,0.13458580551576593
2019-05-01,0.14206351819472812
2019-05-02,0.14290596812762973
2019-05-03,0.16038773785532398
2019-05-06,0.16052225641952386
2019-05-07,0.1567907390632273
2019-05-08,0.1555373167891562
2019-05-09,0.1545848732449282
2019-05-10,0.14290905361852285
2019-05-13,0.13990984957961522
2019-05-14,0.1402547249406171
2019-05-15,0.14018652205971607
2019-05-16,0.1490870854540495
2019-05-17,0.15078227506082134
2019-05-20,0.15164637796348
2019-05-21,0.14864997047268008
2019-05-22,0.14920139487549886
2019-05-23,0.1535244418959699
2019-05-24,0.13682755204516645
2019-05-28,0.14247234653840252
2019-05-29,0.14396393083840772
2019-05-30,0.14531220679750734
2019-05-31,0.14604030233762616
2019-06-03,0.150580672263415
2019-06-04,0.150658438803615
2019-06-05,0.1464848781012061
2019-06-06,0.14613110222894427
2019-06-07,0.14796959747338606
2019-06-10,0.16372753141437657
2019-06-11,0.16255941110649857
2019-06-12,0.16216638351981488
2019-06-13,0.15682383979058828
2019-06-14,0.156353386612272
2019-06-17,0.13797219616594844
2019-06-18,0.14146292491190324
2019-06-19,0.14167146914999185
2019-06-20,0.17308547416812306
2019-06-21,0.17674657422098972
2019-06-24,0.1773161463917745
2019-06-25,0.1781961926816035
2019-06-26,0.1782316949756156
2019-06-27,0.1791517460553887
2019-06-28,0.16931386998577766
2019-07-01,0.16965031575392667
2019-07-02,0.16954246997297182
2019-07-03,0.16958751783560894
2019-07-05,0.18317906862176372
2019-07-08,0.1808364538675293
2019-07-09,0.180898226465542
2019-07-10,0.1731547330000529
2019-07-11,0.17390304148112282
2019-07-12,0.17392933148388728
2019-07-15,0.17483885876373864
2019-07-16,0.18064493627966446
2019-07-17,0.187047707559111
2019-07-18,0.19003999825238227
2019-07-19,0.18972235850002178
2019-07-22,0.19175097768595634
2019-07-23,0.17108166838911118
2019-07-24,0.1715242001452453
2019-07-25,0.17832424659557522
2019-07-26,0.17764111483389372
2019-07-29,0.17552316360980727
2019-07-30,0.17591239004849643
2019-07-31,0.17812262144519098
2019-08-01,0.18406374122688904
2019-08-02,0.1568291853948373
2019-08-05,0.15167857526457756
2019-08-06,0.15128665186508936
2019-08-07,0.19537403280028956
2019-08-08,0.20249643844295867
2019-08-09,0.2011996238987145
2019-08-12,0.2016733254634675
2019-08-13,0.19937888119605437
2019-08-14,0.20320045491118685
2019-08-15,0.2044620659037307
2019-08-16,0.19140701588991377
2019-08-19,0.1964551954686934
2019-08-20,0.19778099907518268
2019-08-21,0.19812566769117168
2019-08-22,0.19865323456804662
2019-08-23,0.2055387922672984
2019-08-26,0.2067334489750616
2019-08-27,0.2140395650032056
2019-08-28,0.21048094707766335
2019-08-29,0.2114144603575362
2019-08-30,0.2112356572251299
2019-09-03,0.24712289918310285
2019-09-04,0.24914464676726955
2019-09-05,0.2790366727092642
2019-09-06,0.2996120796381515
2019-09-09,0.29935315638470134
2019-09-10,0.2994153388878675
2019-09-11,0.2993379338639068
2019-09-12,0.29723136831568875
2019-09-13,0.3123279232717886
2019-09-16,0.3198018209405631
2019-09-17,0.3196904592652535
2019-09-18,0.32291358462809683
2019-09-19,0.2963381907997932
2019-09-20,0.2925410531635506
2019-09-23,0.32233946313618883
2019-09-24,0.3227620447323732
2019-09-25,0.33599256830833296
2019-09-26,0.3342218051974482
2019-09-27,0.3368590038136005
2019-09-30,0.3542627753201376
2019-10-01,0.3566032846850166
2019-10-02,0.36075167820390946
2019-10-03,0.3607689890116207
2019-10-04,0.3602282305720269
2019-10-07,0.3549423716761518
2019-10-08,0.353876272674941
2019-10-09,0.34364417205598197
2019-10-10,0.3438723360929155
2019-10-11,0.34342530533339727
2019-10-14,0.34484929632365097
2019-10-15,0.31404789367285096
2019-10-16,0.3091349897095132
2019-10-17,0.29385555076065045
2019-10-18,0.2745240481507674
2019-10-21,0.2743911757247862
2019-10-22,0.27459923558595795
2019-10-23,0.27507419043382336
2019-10-24,0.27782859890083944
2019-10-25,0.26008814265402647
2019-10-28,0.24848908135332373
2019-10-29,0.24781867651113412
2019-10-30,0.24532361252311083
2019-10-31,0.24734026046969557
2019-11-01,0.24724824443782567
2019-11-04,0.20113769038476495
2019-11-05,0.21533832724865556
2019-11-06,0.19824577499296164
2019-11-07,0.218823986001771
2019-11-08,0.21751699547366293
2019-11-11,0.1891132034836279
2019-11-12,0.18149534766989528
2019-11-13,0.17267215910416273
2019-11-14,0.17424793980207762
2019-11-15,0.17452051247982758
2019-11-18,0.17458020577478986
2019-11-19,0.17358956561523645
2019-11-20,0.17225569089357123
2019-11-21,0.16941888895149726
2019-11-22,0.16948842170272732
2019-11-25,0.1671695596126431
2019-11-26,0.1618961557374697
2019-11-27,0.16269081017188153
2019-11-29,0.15956830752611809
2019-12-02,0.16076666310356094
2019-12-03,0.1692890363428205
2019-12-04,0.17717222375620825
2019-12-05,0.1786985629577878
2019-12-06,0.18916318394934356
2019-12-09,0.18786777392960333
2019-12-10,0.18877458800358565
2019-12-11,0.1915450161433177
2019-12-12,0.1925275207018526
2019-12-13,0.18942275780367032
2019-12-16,0.19093323019462374
2019-12-17,0.19080830349813283
2019-12-18,0.17450563291975968
2019-12-19,0.17549741305973887
2019-12-20,0.14622110213640155
2019-12-23,0.14895761356872364
2019-12-24,0.15863521638063563
2019-12-26,0.15802932507215353
2019-12-27,0.15520141183409347
2019-12-30,0.15456503765870258
2019-12-31,0.15448121888626792
2020-01-02,0.15541449289581571
2020-01-03,0.15510080565843415
2020-01-06,0.15498180952995486
2020-01-07,0.1569918021830688
2020-01-08,0.16189792574855233
2020-01-09,0.16556048729447
2020-01-10,0.16566492786964393
2020-01-13,0.16522525309793545
2020-01-14,0.17156444657388925
2020-01-15,0.1730522052736794
2020-01-16,0.16755516396322623
2020-01-17,0.1565332853496427
2020-01-21,0.16277735532845125
2020-01-22,0.13802021008428425
2020-01-23,0.13818877963760703
2020-01-24,0.1436182201986633
2020-01-27,0.14345306717199627
2020-01-28,0.17629777375401437
2020-01-29,0.17610223843981918
2020-01-30,0.1944971069715395
2020-01-31,0.19409382429167146
2020-02-03,0.20277463618071245
2020-02-04,0.20345759544148395
2020-02-05,0.20328684192175245
2020-02-06,0.20124953893762623
2020-02-07,0.1936392938200995
2020-02-10,0.19290858877616185
2020-02-11,0.19508633035816653
2020-02-12,0.1952643047764667
2020-02-13,0.19618025472188372
2020-02-14,0.19577834241505498
2020-02-18,0.20705414978374936
2020-02-19,0.20855171142606674
2020-02-20,0.20561663850814346
2020-02-21,0.20469719977621226
2020-02-24,0.20691185199628792
2020-02-25,0.2331687743107576
2020-02-26,0.23968270159681515
2020-02-27,0.23770193569423487
2020-02-28,0.31268228252623
2020-03-02,0.31833830017676323
2020-03-03,0.32824456307572075
2020-03-04,0.3261428115307555
2020-03-05,0.3273617950419341
2020-03-06,0.3279391257025339
2020-03-09,0.32557965886010387
2020-03-10,0.325743960030586
2020-03-11,0.3131520791024905
2020-03-12,0.33877888371524095
2020-03-13,0.41708280863554237
2020-03-16,0.5233234684580886
2020-03-17,0.5242158202096043
2020-03-18,0.5420125267356415
2020-03-19,0.5550246788804964
2020-03-20,0.5586918147801084
2020-03-23,0.6076239891070515
2020-03-24,0.6545924560386883
2020-03-25,0.6697850131507065
2020-03-26,0.6702412300400169
2020-03-27,0.6693924356650665
2020-03-30,0.6718029329025621
2020-03-31,0.6662276998131144
2020-04-01,0.6645291449093511
2020-04-02,0.6839367067265982
2020-04-03,0.6818448866203513
2020-04-06,0.6958574505082313
2020-04-07,0.6941618353228753
2020-04-08,0.6938406795768721
2020-04-09,0.7153465333924668
2020-04-13,0.6905554444058272
2020-04-14,0.6979135273004627
2020-04-15,0.7016543511704498
2020-04-16,0.7020633968768083
2020-04-17,0.7032357621880454
2020-04-20,0.7066024502447581
2020-04-21,0.7181213046637698
2020-04-22,0.7250119996426913
2020-04-23,0.7248638698802509
2020-04-24,0.7129196556495424
2020-04-27,0.65538073089847
2020-04-28,0.5503887606202524
2020-04-29,0.5434051584924913
2020-04-30,0.5120002752699223
2020-05-01,0.508426491692455
2020-05-04,0.5090465726670875
2020-05-05,0.47387563786294234
2020-05-06,0.4236118038797501
2020-05-07,0.42014759286432357
2020-05-08,0.4184782300542773
2020-05-11,0.4177741636329063
2020-05-12,0.40654246616857476
2020-05-13,0.4068049080452202
2020-05-14,0.4108263700154149
2020-05-15,0.4189589684809605
2020-05-18,0.41945104030810026
2020-05-19,0.40571959575164324
2020-05-20,0.40334962558923715
2020-05-21,0.4166299894590798
2020-05-22,0.390115622500595
2020-05-26,0.37622290323044905
2020-05-27,0.3624509748584284
2020-05-28,0.3400903351832224
2020-05-29,0.3478915545395844
2020-06-01,0.3398944384624893
2020-06-02,0.35367906090360085
2020-06-03,0.3230343558987475
2020-06-04,0.3146279062882134
2020-06-05,0.33331921388033403
2020-06-08,0.336582993418599
2020-06-09,0.33703649339182207
2020-06-10,0.3365725885600033
2020-06-11,0.33614699321026303
2020-06-12,0.3397705506869078
2020-06-15,0.34032579678484426
2020-06-16,0.3382859638237991
2020-06-17,0.3346713737967854
2020-06-18,0.33871024350553924
2020-06-19,0.32690958054013786
2020-06-22,0.32632123044370387
2020-06-23,0.3248656811793702
2020-06-24,0.3340033810393175
2020-06-25,0.3344493927155343
2020-06-26,0.32576699349537047
2020-06-29,0.285509974995931
2020-06-30,0.29071029317434477
2020-07-01,0.29089543163544757
2020-07-02,0.29089104164319646
2020-07-06,0.27045982386740924
2020-07-07,0.2661949052020929
2020-07-08,0.27289832059969005
2020-07-09,0.2753074368590704
2020-07-10,0.2740055499853003
2020-07-13,0.28182513543936677
2020-07-14,0.28135836494108185
2020-07-15,0.26677300826687816
2020-07-16,0.2636510549320569
2020-07-17,0.2642516112713489
2020-07-20,0.24767741852129282
2020-07-21,0.30388636143876047
2020-07-22,0.3589773380237824
2020-07-23,0.36071624212296566
2020-07-24,0.3631291045499326
2020-07-27,0.39640845476941666
2020-07-28,0.39793338507267806
2020-07-29,0.39893761003077527
2020-07-30,0.4246758995949329
2020-07-31,0.42510355539329636
2020-08-03,0.424462941382179
2020-08-04,0.453226817622394
2020-08-05,0.4568443186676752
2020-08-06,0.4600331819627644
2020-08-07,0.47929043746468475
2020-08-10,0.49794704621693114
2020-08-11,0.6169255857520837
2020-08-12,0.616226363000171
2020-08-13,0.6274268635356789
2020-08-14,0.6626355745312115
2020-08-17,0.6769367096026127
2020-08-18,0.6765477544764261
2020-08-19,0.6860164907543788
2020-08-20,0.6850896021760646
2020-08-21,0.6897053336580289
2020-08-24,0.6868779011470318
2020-08-25,0.6867189679381733
2020-08-26,0.6936940918319047
2020-08-27,0.6954515607370939
2020-08-28,0.6960581102095422
2020-08-31,0.6973679226714025
2020-09-01,0.6775683801776121
2020-09-02,0.6672432949110854
2020-09-03,0.6703591398243632
2020-09-04,0.670355505813254
2020-09-08,0.6397416924484504
2020-09-09,0.6386522158425286
2020-09-10,0.6386526307586711
2020-09-11,0.6281755400113758
2020-09-14,0.6225715656957468
2020-09-15,0.6224783389930557
2020-09-16,0.5941707794396891
2020-09-17,0.588480461475757
2020-09-18,0.5646287675474995
2020-09-21,0.629942323605597
2020-09-22,0.5992830019431573
2020-09-23,0.5365990225951439
2020-09-24,0.5371080360445364
2020-09-25,0.4940529622165153
2020-09-28,0.47369205570032763
2020-09-29,0.45000442541487656
2020-09-30,0.45759822107810966
2020-10-01,0.4661071689639056
2020-10-02,0.46628329941795665
2020-10-05,0.47078435776924393
2020-10-06,0.47561920706118826
2020-10-07,0.4748115952661741
2020-10-08,0.4530494479850816
2020-10-09,0.4796784742664927
2020-10-12,0.4748769128215328
2020-10-13,0.4800821572033844
2020-10-14,0.48212773533724185
2020-10-15,0.4680843605617917
2020-10-16,0.46676987409602083
2020-10-19,0.468517096174051
2020-10-20,0.4686436444747864
2020-10-21,0.469795123895883
2020-10-22,0.4721403197018394
2020-10-23,0.47057393838024064
2020-10-26,0.46695640830594226
2020-10-27,0.4672481396202669
2020-10-28,0.4855421839565032
2020-10-29,0.48507463263095935
2020-10-30,0.4870930422513753
2020-11-02,0.39399780508165805
2020-11-03,0.3953235339093617
2020-11-04,0.35906801124952437
2020-11-05,0.39091334419721685
2020-11-06,0.39283589489757864
2020-11-09,0.45246474283523314
2020-11-10,0.44982126874631134
2020-11-11,0.43502437733591887
2020-11-12,0.4250443253883168
2020-11-13,0.42742941350846486
2020-11-16,0.42289299378362305
2020-11-17,0.4159527055169698
2020-11-18,0.41683783555764714
2020-11-19,0.4199099918922345
2020-11-20,0.39317460248790737
2020-11-23,0.4014149526109563
2020-11-24,0.3818834501618857
2020-11-25,0.38025428790262567
2020-11-27,0.3920264052078405
2020-11-30,0.3910555420551187
2020-12-01,0.43759735248626963
2020-12-02,0.4361579489830061
2020-12-03,0.4349826746310425
2020-12-04,0.431108965844605
2020-12-07,0.4359777330660696
2020-12-08,0.43489152322687535
2020-12-09,0.44386846449573825
2020-12-10,0.4193905627287003
2020-12-11,0.41940280440482225
2020-12-14,0.41828237013673036
2020-12-15,0.42169155602156244
2020-12-16,0.42277672993022425
2020-12-17,0.4366518052284671
2020-12-18,0.4090970673225873
2020-12-21,0.4071801506922649
2020-12-22,0.35001635699183237
2020-12-23,0.3409751652369643
2020-12-24,0.33975125767269315
2020-12-28,0.3461234591661915
2020-12-29,0.3453239542167988
2020-12-30,0.34686840732167984
2020-12-31,0.3468255649777601
2021-01-04,0.3586121175087292
2021-01-05,0.35382096239860067
2021-01-06,0.36104303004301436
2021-01-07,0.3470328480455387
2021-01-08,0.4520108311074227
2021-01-11,0.4575728568561105
2021-01-12,0.4436571020327677
2021-01-13,0.44339223624021173
2021-01-14,0.4030054325349377
2021-01-15,0.4180690728921218
2021-01-19,0.4209110942596019
2021-01-20,0.423414746030819
2021-01-21,0.41924973725171816
2021-01-22,0.420881932588319
2021-01-25,0.410077015230278
2021-01-26,0.41004384550454454
2021-01-27,0.41071159354664977
2021-01-28,0.41409437409234945
2021-01-29,0.4220080866749206
2021-02-01,0.4944915226119099
2021-02-02,0.5721829662123514
2021-02-03,0.5740620756611272
2021-02-04,0.578001413327963
2021-02-05,0.5755611093300088
2021-02-08,0.5767648945664786
2021-02-09,0.5773025430842591
2021-02-10,0.574704617453022
2021-02-11,0.5733287402119737
2021-02-12,0.5728666411549416
2021-02-16,0.5724489304606204
2021-02-17,0.5631509396798509
2021-02-18,0.562978753598782
2021-02-19,0.5594469297814848
2021-02-22,0.5656292596594478
2021-02-23,0.4866217635057502
2021-02-24,0.48206361395895153
2021-02-25,0.48319233531682987
2021-02-26,0.502707589868173
2021-03-01,0.5027620651839892
2021-03-02,0.49027937554437173
2021-03-03,0.4919069127122275
2021-03-04,0.5007149378996065
2021-03-05,0.5010195662038426
2021-03-08,0.49988039439759463
2021-03-09,0.5104456348827611
2021-03-10,0.5105051199779848
2021-03-11,0.5100489681515292
2021-03-12,0.5078126652757692
2021-03-15,0.49698347202065707
2021-03-16,0.4115079296055872
2021-03-17,0.2859155307053658
2021-03-18,0.28236944323851904
2021-03-19,0.27321397068828485
2021-03-22,0.2645829066137295
2021-03-23,0.26190710674623036
2021-03-24,0.26182657515162694
2021-03-25,0.2607659143798089
2021-03-26,0.26119445450680884
2021-03-29,0.2603228852676714
2021-03-30,0.26788377961894294
2021-03-31,0.27418716028218426
2021-04-01,0.2800017825522987
2021-04-05,0.27892264163112945
2021-04-06,0.26810061058589113
2021-04-07,0.26642061032860287
2021-04-08,0.26933361930087635
2021-04-09,0.26977505379543626
2021-04-12,0.2436272441767661
2021-04-13,0.25193596720967504
2021-04-14,0.250993097228135
2021-04-15,0.2515415835020455
2021-04-16,0.22951908725150685
2021-04-19,0.23070885807647762
2021-04-20,0.23067380299787105
2021-04-21,0.22136630923461434
2021-04-22,0.22572102337829855
2021-04-23,0.22590426554759613
2021-04-26,0.22401367754867577
2021-04-27,0.2212144394786144
2021-04-28,0.22209886304253984
2021-04-29,0.22205293538570506
2021-04-30,0.2206155218602788
2021-05-03,0.25287255949736115
2021-05-04,0.2489466214473852
2021-05-05,0.24011232772736293
2021-05-06,0.25990566709878626
2021-05-07,0.25831770459397496
2021-05-10,0.2584267751149719
2021-05-11,0.25352850716921216
2021-05-12,0.2451331029983719
2021-05-13,0.24430758941973185
2021-05-14,0.24210890256764975
2021-05-17,0.255077472053217
2021-05-18,0.25187696419985744
2021-05-19,0.2553820274607553
2021-05-20,0.25376573364962013
2021-05-21,0.260330005310046
2021-05-24,0.2548141283026632
2021-05-25,0.24862485741329132
2021-05-26,0.25028436526492026
2021-05-27,0.2466173259281939
2021-05-28,0.2464581867986895
2021-06-01,0.2434906224898301
2021-06-02,0.24335898527167876
2021-06-03,0.24503108527824788
2021-06-04,0.2434860532268478
2021-06-07,0.2429032924799852
2021-06-08,0.24550883446450217
2021-06-09,0.24599967128564215
2021-06-10,0.2421237685836434
2021-06-11,0.24192683477630111
2021-06-14,0.24074469025086379
2021-06-15,0.21359078064126003
2021-06-16,0.20830960762134446
2021-06-17,0.29490940850211517
2021-06-18,0.2740004709569802
2021-06-21,0.2741946449708903
2021-06-22,0.2744461521564959
2021-06-23,0.27558876595475484
2021-06-24,0.27255729726723726
2021-06-25,0.27214754183111534
2021-06-28,0.27025992681916017
2021-06-29,0.2517052031238731
2021-06-30,0.25470152064745166
2021-07-01,0.25350547127038664
2021-07-02,0.2585378928332658
2021-07-06,0.25436691407915735
2021-07-07,0.24946495757626175
2021-07-08,0.2486312993606513
2021-07-09,0.2506211810748415
2021-07-12,0.2503810415132648
2021-07-13,0.250049561170118
2021-07-14,0.2504419696090665
2021-07-15,0.25071874442455433
2021-07-16,0.24833621115434804
2021-07-19,0.2516304921749764
2021-07-20,0.2506573319823313
2021-07-21,0.2531176302220073
2021-07-22,0.2514214815734224
2021-07-23,0.2512080619562054
2021-07-26,0.2509450132200029
2021-07-27,0.2595065927377039
2021-07-28,0.26107359598504554
2021-07-29,0.2849825681237443
2021-07-30,0.2009100789220528
2021-08-02,0.20046184316634244
2021-08-03,0.20032221203419656
2021-08-04,0.19994144020168997
2021-08-05,0.19816783738111732
2021-08-06,0.22559167954964635
2021-08-09,0.2549663748726376
2021-08-10,0.25497608660428994
2021-08-11,0.254311406326646
2021-08-12,0.2530465684395098
2021-08-13,0.2702353626576785
2021-08-16,0.26473865950418
2021-08-17,0.26348203075178284
2021-08-18,0.2641584251285282
2021-08-19,0.26445390106025285
2021-08-20,0.2615875412109019
2021-08-23,0.273374900002636
2021-08-24,0.27613676841416124
2021-08-25,0.2751909850597577
2021-08-26,0.274684364733797
2021-08-27,0.2781345768260332
2021-08-30,0.2694893300518132
2021-08-31,0.26917916816029386
2021-09-01,0.2686831279101243
2021-09-02,0.26989658671623284
2021-09-03,0.2922532695271784
2021-09-07,0.2960578750792755
2021-09-08,0.28880148592742555
2021-09-09,0.287845421786736
2021-09-10,0.2665608849150148
2021-09-13,0.2658636716934894
2021-09-14,0.2662611476378339
2021-09-15,0.26617659169207186
2021-09-16,0.2904270148430386
2021-09-17,0.294255221886145
2021-09-20,0.2759919521108621
2021-09-21,0.25449390608074857
2021-09-22,0.25714365802686456
2021-09-23,0.2581161419052564
2021-09-24,0.25621949803639893
2021-09-27,0.24371956227212954
2021-09-28,0.24488040910850895
2021-09-29,0.27270834092799884
2021-09-30,0.2846533037678618
2021-10-01,0.2923279381984235
2021-10-04,0.29251052673367167
2021-10-05,0.28345399453326653
2021-10-06,0.28135943839763156
2021-10-07,0.2820014579513524
2021-10-08,0.2811449610894755
2021-10-11,0.27261240970592215
2021-10-12,0.2728786474300528
2021-10-13,0.2874903803109676
2021-10-14,0.2890213489160465
2021-10-15,0.28727264995538765
2021-10-18,0.2640645033517061
2021-10-19,0.27247835441274115
2021-10-20,0.2783464320324037
2021-10-21,0.2801351216717031
2021-10-22,0.2797463995984882
2021-10-25,0.2796444774787574
2021-10-26,0.2860805327147816
2021-10-27,0.2860265246168556
2021-10-28,0.25555914256432516
2021-10-29,0.2484593289997209
2021-11-01,0.2472534412955951
2021-11-02,0.2539922982723222
2021-11-03,0.25426925236623305
2021-11-04,0.26526114677945906
2021-11-05,0.26330224917495854
2021-11-08,0.2647554067578745
2021-11-09,0.2643934681439789
2021-11-10,0.22911724076478243
2021-11-11,0.22574622824202134
2021-11-12,0.2196989408060566
2021-11-15,0.22308304110607044
2021-11-16,0.22451797941024546
2021-11-17,0.2241197067360316
2021-11-18,0.22787690340110528
2021-11-19,0.2290809836977179
2021-11-22,0.23792160104365323
2021-11-23,0.2610821751075081
2021-11-24,0.24753810159170472
2021-11-26,0.2493774542056707
2021-11-29,0.2518020305506315
2021-11-30,0.2516563558625777
2021-12-01,0.2443337665630867
2021-12-02,0.2319581250609955
2021-12-03,0.23247223056101554
2021-12-06,0.22957498156739162
2021-12-07,0.23212795996613098
2021-12-08,0.22658742242954985
2021-12-09,0.2304450573921714
2021-12-10,0.2328687192385363
2021-12-13,0.23377079170812015
2021-12-14,0.23708155413158205
2021-12-15,0.23313791572230466
2021-12-16,0.2680899053818914
2021-12-17,0.25258067953116026
2021-12-20,0.2510020817728094
2021-12-21,0.24785021569376348
2021-12-22,0.2511298023755514
2021-12-23,0.24468318832613015
2021-12-27,0.234370955448355
2021-12-28,0.23538153916296764
2021-12-29,0.23593268192686473
2021-12-30,0.237769980750528
2021-12-31,0.23977348427165732
2022-01-03,0.24611494467602882
2022-01-04,0.24919774443842618
2022-01-05,0.24455778133060763
2022-01-06,0.25323879807055943
2022-01-07,0.2552048042144082
2022-01-10,0.2513466898012685
2022-01-11,0.25307766884065563
2022-01-12,0.2578314319859313
2022-01-13,0.25004945275795704
2022-01-14,0.25236462524452324
2022-01-18,0.2613193527306657
2022-01-19,0.27278635884681685
2022-01-20,0.27614578881001867
2022-01-21,0.28101716259465426
2022-01-24,0.2829622439133022
2022-01-25,0.28249352265414673
2022-01-26,0.2829178809271682
2022-01-27,0.31284552127303095
2022-01-28,0.31236276705247584
2022-01-31,0.28527723925625614
2022-02-01,0.2863838513881809
2022-02-02,0.2849053442726635
2022-02-03,0.2869474231360216
2022-02-04,0.2846828640568039
2022-02-07,0.29482624829770643
2022-02-08,0.2951146526940448
2022-02-09,0.2951680944532408
2022-02-10,0.2937038816893528
2022-02-11,0.2937916678714068
2022-02-14,0.29730382623025364
2022-02-15,0.29608630701383787
2022-02-16,0.29620115777753975
2022-02-17,0.29760007629843294
2022-02-18,0.2677822736472764
2022-02-22,0.2687568898784394
2022-02-23,0.2695463473493101
2022-02-24,0.2668667685569731
2022-02-25,0.27746428922785626
2022-02-28,0.28015917747851704
2022-03-01,0.3078816942686581
2022-03-02,0.3050772532549129
2022-03-03,0.2924671315250168
2022-03-04,0.2941624776803962
2022-03-07,0.28970840350676197
2022-03-08,0.3073313787906619
2022-03-09,0.33538086851550786
2022-03-10,0.3373920155873486
2022-03-11,0.30176367822013445
2022-03-14,0.3155034046677979
2022-03-15,0.31661033233146446
2022-03-16,0.3225646276807253
2022-03-17,0.3372178315668206
2022-03-18,0.3405112943486792
2022-03-21,0.3408260989595839
2022-03-22,0.338574785423827
2022-03-23,0.33945618285151624
2022-03-24,0.3476954490664463
2022-03-25,0.35030974855908764
2022-03-28,0.35379938599816413
2022-03-29,0.3547207662335186
2022-03-30,0.3503027186741995
2022-03-31,0.34938498751700064
2022-04-01,0.35359251046669543
2022-04-04,0.35357472941094054
2022-04-05,0.35175172607670047
2022-04-06,0.3507167545266391
2022-04-07,0.3519332093397665
2022-04-08,0.341678185849985
2022-04-11,0.3395349329751533
2022-04-12,0.3211645882138047
2022-04-13,0.3197936044381268
2022-04-14,0.3223488780217042
2022-04-18,0.3195164017909052
2022-04-19,0.3305496913034206
2022-04-20,0.30065302741260336
2022-04-21,0.2849740787483039
2022-04-22,0.2818998689830884
2022-04-25,0.2889387716598185
2022-04-26,0.2748256038572405
2022-04-27,0.27474728772855833
2022-04-28,0.2729732340967716
2022-04-29,0.24658794891018088
2022-05-02,0.24711866487755968
2022-05-03,0.24518007106900117
2022-05-04,0.2436585516965398
2022-05-05,0.24009082692201353
2022-05-06,0.2191112993944974
2022-05-09,0.22548387829422595
2022-05-10,0.22622787891483856
2022-05-11,0.2257271358351163
2022-05-12,0.2360620240354191
2022-05-13,0.240484067776188
2022-05-16,0.25434722450307806
2022-05-17,0.25740575207564237
2022-05-18,0.2578243712378658
2022-05-19,0.2650168998169265
2022-05-20,0.2618794323521167
2022-05-23,0.26164174125659945
2022-05-24,0.26626038594183477
2022-05-25,0.24637867701633598
2022-05-26,0.24279063098253878
2022-05-27,0.24383986342117098
2022-05-31,0.2372762622452275
2022-06-01,0.23224206988773546
2022-06-02,0.24064368239046174
2022-06-03,0.23482854434610764
2022-06-06,0.23502525888623294
2022-06-07,0.2269262183482983
2022-06-08,0.22678317189216973
2022-06-09,0.22879210319587756
2022-06-10,0.22707355077157285
2022-06-13,0.24231663816520368
2022-06-14,0.23820791865608212
2022-06-15,0.24822333395241725
2022-06-16,0.2554487548103453
2022-06-17,0.25801188912939327
2022-06-21,0.2593723050350752
2022-06-22,0.25383206124761837
2022-06-23,0.25354811239707253
2022-06-24,0.25280220518017305
2022-06-27,0.22828916294217014
2022-06-28,0.23184663564475239
2022-06-29,0.21835857897154276
2022-06-30,0.22157640327431116
2022-07-01,0.23902451187685886
2022-07-05,0.2417082091925458
2022-07-06,0.24168694135157848
2022-07-07,0.24156087947473695
2022-07-08,0.23508600670548452
2022-07-11,0.23468770352898005
2022-07-12,0.23371441435800008
2022-07-13,0.2373838737553472
2022-07-14,0.2697554592801425
2022-07-15,0.27660638169367585
2022-07-18,0.27415420870532736
2022-07-19,0.27223415368730264
2022-07-20,0.26942873260056116
2022-07-21,0.2690699608849279
2022-07-22,0.2690226000834504
2022-07-25,0.26987219810601965
2022-07-26,0.2721403478080051
2022-07-27,0.262357828789248
2022-07-28,0.3351983401603764
2022-07-29,0.33208248019460135
2022-08-01,0.3260280558323079
2022-08-02,0.3252993570112321
2022-08-03,0.324913482177104
2022-08-04,0.3251171229774248
2022-08-05,0.3237832761494044
2022-08-08,0.34444614948695623
2022-08-09,0.34476528736673095
2022-08-10,0.34340969429324303
2022-08-11,0.3473922927575447
2022-08-12,0.3465132934363395
2022-08-15,0.33704328300413633
2022-08-16,0.3272395754859999
2022-08-17,0.33212361031764653
2022-08-18,0.33480483190322413
2022-08-19,0.3401433443642278
2022-08-22,0.34099303817660886
2022-08-23,0.34063325260213256
2022-08-24,0.3391237291946015
2022-08-25,0.30491276338142453
2022-08-26,0.30544768101315883
2022-08-29,0.30447963120244526
2022-08-30,0.3101244248674513
2022-08-31,0.3161126410335101
2022-09-01,0.3172999663435288
2022-09-02,0.31992961875354137
2022-09-06,0.31706215212391775
2022-09-07,0.32071709095349227
2022-09-08,0.32213767553822625
2022-09-09,0.2542651444162594
2022-09-12,0.30524532452321856
2022-09-13,0.30840886146352114
2022-09-14,0.30752266192071503
2022-09-15,0.30868534357291644
2022-09-16,0.3071212052988336
2022-09-19,0.30473514865897533
2022-09-20,0.2811343029760481
2022-09-21,0.28586732506265394
2022-09-22,0.2838724746306084
2022-09-23,0.2970166364661561
2022-09-26,0.2968738015343304
2022-09-27,0.2928731613657122
2022-09-28,0.30723335643778094
2022-09-29,0.3046019345287139
2022-09-30,0.3081574510185154
2022-10-03,0.38519103086901396
2022-10-04,0.3886787404251461
2022-10-05,0.39834990762936323
2022-10-06,0.3975188411188613
2022-10-07,0.40204940133455
2022-10-10,0.40914164726335056
2022-10-11,0.4084436398726251
2022-10-12,0.41232981572793387
2022-10-13,0.4064025635201598
2022-10-14,0.4269732808489974
2022-10-17,0.4379967556415409
2022-10-18,0.4385346325687272
2022-10-19,0.43725266434464993
2022-10-20,0.4392177813035314
2022-10-21,0.4400388304674067
2022-10-24,0.4051787376939917
2022-10-25,0.40243818782363494
2022-10-26,0.4028053357001939
2022-10-27,0.40011672301543255
2022-10-28,0.40303082698315496
2022-10-31,0.40302969798100147
2022-11-01,0.41041769395132616
2022-11-02,0.40819555123538337
2022-11-03,0.4085355388351175
2022-11-04,0.4407202576290929
2022-11-07,0.43337068653701494
2022-11-08,0.4366704614398512
2022-11-09,0.4325548480137326
2022-11-10,0.43199355675731593
2022-11-11,0.4305498300132275
2022-11-14,0.36650252420758506
2022-11-15,0.369761842047611
2022-11-16,0.3604796072048289
2022-11-17,0.3688709604292406
2022-11-18,0.3637660198569792
2022-11-21,0.35094553372322357
2022-11-22,0.3503745564607627
2022-11-23,0.3393131409670869
2022-11-25,0.3389491104351847
2022-11-28,0.31750526989591404
2022-11-29,0.30459148167002814
2022-11-30,0.30497611488876336
2022-12-01,0.3270029478565618
2022-12-02,0.32692315128453164
2022-12-05,0.3479293950171106
2022-12-06,0.3488170250502871
2022-12-07,0.3542505177943936
2022-12-08,0.35539694496463337
2022-12-09,0.3573808871263263
2022-12-12,0.35546106256778126
2022-12-13,0.358526065000599
2022-12-14,0.35291110771016415
2022-12-15,0.37135076798369615
2022-12-16,0.3692337071932041
2022-12-19,0.3173770089314079
2022-12-20,0.3406109306635364
2022-12-21,0.33427874072765107
2022-12-22,0.341766910972398
2022-12-23,0.3401258165395144
2022-12-27,0.3406535868884521
2022-12-28,0.34126286784975507
2022-12-29,0.33220745272483937
2022-12-30,0.33417807962395857
2023-01-03,0.32265700081678744
2023-01-04,0.3257896608054683
2023-01-05,0.3337309529476305
2023-01-06,0.3386753865971573
2023-01-09,0.33799544147981353
2023-01-10,0.339889241084138
2023-01-11,0.33164971099710433
2023-01-12,0.33502228211956164
2023-01-13,0.3347496142984142
2023-01-17,0.30743186304554243
2023-01-18,0.30867437962613226
2023-01-19,0.2884841023948953
2023-01-20,0.2879568106209229
2023-01-23,0.2835694809543873
2023-01-24,0.2811809094330181
2023-01-25,0.27595763849362326
2023-01-26,0.2728836238280713
2023-01-27,0.2679854341401869
2023-01-30,0.26778216487014717
2023-01-31,0.24797760613894027
2023-02-01,0.24985849892105513
2023-02-02,0.2492293556830836
2023-02-03,0.2545726796769462
2023-02-06,0.25492631960639833
2023-02-07,0.2472648423765524
2023-02-08,0.2468011704543734
2023-02-09,0.24507251368454275
2023-02-10,0.24196288140666228
2023-02-13,0.23540897636017993
2023-02-14,0.23506273413116352
2023-02-15,0.23461703607345125
2023-02-16,0.2352163580011801
2023-02-17,0.22800346727308227
2023-02-21,0.2161983334339669
2023-02-22,0.2170280498873285
2023-02-23,0.22011476208801226
2023-02-24,0.22730784504860507
2023-02-27,0.21283716283460005
2023-02-28,0.21176743555422756
2023-03-01,0.2110756762313871
2023-03-02,0.20804529996389975
2023-03-03,0.21231943227683592
2023-03-06,0.21128273867323336
2023-03-07,0.23924562934001056
2023-03-08,0.23597352574941882
2023-03-09,0.2333457643651376
2023-03-10,0.241401263500288
2023-03-13,0.32186108599934893
2023-03-14,0.32212422714444844
2023-03-15,0.321771198853563
2023-03-16,0.32159614970667266
2023-03-17,0.33990090828430314
2023-03-20,0.30666311723512385
2023-03-21,0.3072091524469416
2023-03-22,0.3102194038016347
2023-03-23,0.31409035810123803
2023-03-24,0.3116071184630153
2023-03-27,0.31272419189203726
2023-03-28,0.3120666828984095
2023-03-29,0.3120425999827257
2023-03-30,0.31346991993338447
2023-03-31,0.3135469470732493
2023-04-03,0.3145798987963247
2023-04-04,0.3368549205476201
2023-04-05,0.33486205297176447
2023-04-06,0.3286340222848253
2023-04-10,0.31962591949501123
2023-04-11,0.31768205600530125
2023-04-12,0.3171716559257904
2023-04-13,0.3183283068363229
2023-04-14,0.32285387771209534
2023-04-17,0.3276224910844935
2023-04-18,0.3259479900991621
2023-04-19,0.28849757266052356
2023-04-20,0.2877944471039913
2023-04-21,0.2932475870592072
2023-04-24,0.2918764804159935
2023-04-25,0.23361729007698245
2023-04-26,0.23395875848079237
2023-04-27,0.23145934405940619
2023-04-28,0.22840585693608512
2023-05-01,0.20975935050836925
2023-05-02,0.21228155455581688
2023-05-03,0.20852386835749126
2023-05-04,0.21218087752310238
2023-05-05,0.21144334812454393
2023-05-08,0.21262440265252536
2023-05-09,0.20976948920521443
2023-05-10,0.21159628257449495
2023-05-11,0.2571167636145992
2023-05-12,0.2513879173907518
2023-05-15,0.25103148863234315
2023-05-16,0.2549843075700345
2023-05-17,0.2158846247300187
2023-05-18,0.2175146721667218
2023-05-19,0.22484279934682042
2023-05-22,0.22519485133377123
2023-05-23,0.22312498565205338
2023-05-24,0.22272197908905203
2023-05-25,0.21528487204892305
2023-05-26,0.22237093701563465
2023-05-30,0.21970274151124158
2023-05-31,0.2236812676233338
2023-06-01,0.22986277830192556
2023-06-02,0.230875598641581
2023-06-05,0.22898662341442666
2023-06-06,0.22641587266493032
2023-06-07,0.22238818047375328
2023-06-08,0.24702216744239863
2023-06-09,0.24677002904064926
2023-06-12,0.24983284247245172
2023-06-13,0.2509199799125147
2023-06-14,0.24892746826888815
2023-06-15,0.2488947688117204
2023-06-16,0.2402688862542828
2023-06-20,0.25890850208454186
2023-06-21,0.2624037619678734
2023-06-22,0.2636118802491495
2023-06-23,0.2632176014667958
2023-06-26,0.23967076162767723
2023-06-27,0.23917342887599471
2023-06-28,0.2382855690631567
2023-06-29,0.23642701299002308
2023-06-30,0.23859966100820926
2023-07-03,0.23725194219609497
2023-07-05,0.2342546608628238
2023-07-06,0.24121926713798683
2023-07-07,0.2459889042445153
2023-07-10,0.24202508493323693
2023-07-11,0.23835650752376528
2023-07-12,0.2652334273522152
2023-07-13,0.2745431719121375
2023-07-14,0.27287826221953393
2023-07-17,0.2703734941857764
2023-07-18,0.2692389663099124
2023-07-19,0.26862778669229587
2023-07-20,0.27413941525203483
2023-07-21,0.2738308575658547
2023-07-24,0.2570826343987698
2023-07-25,0.25850786550255395
2023-07-26,0.25497096217611714
2023-07-27,0.26337238812738545
2023-07-28,0.2615961900921355
2023-07-31,0.2665421768885977
2023-08-01,0.2773392317288961
2023-08-02,0.26093925492882064
2023-08-03,0.25588233375895414
2023-08-04,0.2512726921805559
2023-08-07,0.25859429970443426
2023-08-08,0.2574712391316231
2023-08-09,0.25699045126135633
2023-08-10,0.25717535472272157
2023-08-11,0.2548257164999107
2023-08-14,0.2532720321316435
2023-08-15,0.2530636363616436
2023-08-16,0.2501341715291756
2023-08-17,0.2432958839475878
2023-08-18,0.23741248930890513
2023-08-21,0.25018576568499795
2023-08-22,0.2503524007304543
2023-08-23,0.24373549600705458
2023-08-24,0.2310710706477188
2023-08-25,0.22891561306685662
2023-08-28,0.22829156411561158
2023-08-29,0.23604152101874187
2023-08-30,0.23545231398350716
2023-08-31,0.23262844053740653
2023-09-01,0.2339832812982073
2023-09-05,0.2454560537496715
2023-09-06,0.24630091144591912
2023-09-07,0.2465165295092387
2023-09-08,0.23816908155367922
2023-09-11,0.23939093942092415
2023-09-12,0.23074098886290784
2023-09-13,0.2206975349447143
2023-09-14,0.2154250538605656
2023-09-15,0.22083298132720466
2023-09-18,0.22127737769552386
2023-09-19,0.21335146370863256
2023-09-20,0.21102169356979741
2023-09-21,0.21166296143720204
2023-09-22,0.21203953434876838
2023-09-25,0.2198577260472695
2023-09-26,0.2214054923713433
2023-09-27,0.22966430205922564
2023-09-28,0.2292178749496331
2023-09-29,0.2306157776698719
2023-10-02,0.2651550926517487
2023-10-03,0.2505814666977738
2023-10-04,0.25027669976880484
2023-10-05,0.21297686190507947
2023-10-06,0.24007094201530718
2023-10-09,0.24280550108614452
2023-10-10,0.2429494045136474
2023-10-11,0.23331601513784658
2023-10-12,0.23344821203954563
2023-10-13,0.26927567159095
2023-10-16,0.2684879697912029
2023-10-17,0.2597699580834117
2023-10-18,0.2565724866506682
2023-10-19,0.25464070039228676
2023-10-20,0.2611406530383367
2023-10-23,0.2624090918491053
2023-10-24,0.26265495382478204
2023-10-25,0.2615553461877765
2023-10-26,0.2609463003967193
2023-10-27,0.25625711325296663
2023-10-30,0.26440037067392974
2023-10-31,0.2701427775445185
2023-11-01,0.2658533673079295
2023-11-02,0.2657405409354699
2023-11-03,0.2716632028203586
2023-11-06,0.2659155507426846
2023-11-07,0.27694187100492235
2023-11-08,0.27085504462590604
2023-11-09,0.27176353809279385
2023-11-10,0.2809607295651406
2023-11-13,0.2450206861981356
2023-11-14,0.26288291555525123
2023-11-15,0.262962483415771
2023-11-16,0.2642793227952525
2023-11-17,0.25094097742536703
2023-11-20,0.25310963143369775
2023-11-21,0.25423025348340755
2023-11-22,0.25545639403520376
2023-11-24,0.26360172999728415
2023-11-27,0.23850249930273068
2023-11-28,0.23824352571350957
2023-11-29,0.23720640641940088
2023-11-30,0.237766578113729
2023-12-01,0.23749079235168086
2023-12-04,0.25978858344716654
2023-12-05,0.2610199442417346
2023-12-06,0.2639724221041661
2023-12-07,0.26444808730481234
2023-12-08,0.2813686053136894
2023-12-11,0.28257503414245627
2023-12-12,0.2745594600925978
2023-12-13,0.26926692610995345
2023-12-14,0.3268290162458208
2023-12-15,0.3285387026509921
2023-12-18,0.3241926285440696
2023-12-19,0.3247788225174166
2023-12-20,0.31422087494261125
2023-12-21,0.3143099746227427
2023-12-22,0.31398983691545096
2023-12-26,0.3027027724598134
2023-12-27,0.30330431858545814
2023-12-28,0.28996677916062286
2023-12-29,0.28837567874301806
2024-01-02,0.2844089748288759
2024-01-03,0.3000796940516648
2024-01-04,0.2990672012006543
2024-01-05,0.2976084431818202
2024-01-08,0.29700947438260705
2024-01-09,0.2854503324831467
2024-01-10,0.2814491689937448
2024-01-11,0.28111018102048646
2024-01-12,0.29412935781780497
2024-01-16,0.2928838994095804
2024-01-17,0.29404029676114973
2024-01-18,0.27822235654470895
2024-01-19,0.27599437825079026
2024-01-22,0.2781438071731074
2024-01-23,0.27933943615488416
2024-01-24,0.27035311350339186
2024-01-25,0.2692421575604788
2024-01-26,0.2692683297947117
2024-01-29,0.27321379025167464
2024-01-30,0.19598407744489318
2024-01-31,0.194530726786377
2024-02-01,0.19496038828582038
2024-02-02,0.1991901638031817
2024-02-05,0.1983848318639365
2024-02-06,0.19897852425932566
2024-02-07,0.19901522602670044
2024-02-08,0.2038428257559677
2024-02-09,0.20079929249946468
2024-02-12,0.20182093476905635
2024-02-13,0.21283191291288608
2024-02-14,0.21600710602732417
2024-02-15,0.20967708074499727
2024-02-16,0.2199752351322977
2024-02-20,0.22359157049631498
2024-02-21,0.22589951610298728
2024-02-22,0.2245317992828155
2024-02-23,0.22604395118913007
2024-02-26,0.22907291910738828
2024-02-27,0.21355886926942422
2024-02-28,0.21222939415980585
2024-02-29,0.2083250482918337
2024-03-01,0.21640488770391744
2024-03-04,0.22884890242950875
2024-03-05,0.22111586258723967
2024-03-06,0.22744467599209028
2024-03-07,0.22240065164636746
2024-03-08,0.22265298486000923
2024-03-11,0.2226426667156881
2024-03-12,0.222818651192868
2024-03-13,0.2389529164705531
2024-03-14,0.23915213103696892
2024-03-15,0.24106316093225574
2024-03-18,0.23343420492250255
2024-03-19,0.22750252681236774
2024-03-20,0.22795272787732546
2024-03-21,0.22741547352395983
2024-03-22,0.22752091162128862
2024-03-25,0.22709889161467153
2024-03-26,0.2300712198737153
2024-03-27,0.21235222390776107
2024-03-28,0.21157904415964618
2024-04-01,0.2008616082303249
2024-04-02,0.21267912020954377
2024-04-03,0.23692594947383241
2024-04-04,0.23188128101539102
2024-04-05,0.23029263155702367
2024-04-08,0.2306435491335123
2024-04-09,0.21702290288961623
2024-04-10,0.21649247637878463
2024-04-11,0.21330728169388602
2024-04-12,0.21347924663555298
2024-04-15,0.21036589581553874
2024-04-16,0.20842551429288408
2024-04-17,0.20802389819056435
2024-04-18,0.20356143259080392
2024-04-19,0.20629841911324695
2024-04-22,0.2714187404399207
2024-04-23,0.27125019497158487
2024-04-24,0.2668953196510755
2024-04-25,0.25403122907151354
2024-04-26,0.254097454002077
2024-04-29,0.2524098403380949
2024-04-30,0.27572572453122496
2024-05-01,0.2749911637223485
2024-05-02,0.27483198394874436
2024-05-03,0.27520821517744
2024-05-06,0.2896785827341068
2024-05-07,0.2901779743799668
2024-05-08,0.287158344096428
2024-05-09,0.2956636883382523
2024-05-10,0.29558270094577244
2024-05-13,0.296116507220774
2024-05-14,0.28288442347359705
2024-05-15,0.2735691516503513
2024-05-16,0.2733651975350772
2024-05-17,0.30065034036905736
2024-05-20,0.3149604430894394
2024-05-21,0.31818080575607627
2024-05-22,0.32484937342360026
2024-05-23,0.3411374753494593
2024-05-24,0.34115216614430577
2024-05-28,0.371276492363343
2024-05-29,0.36842756454126396
2024-05-30,0.3783877699168089
2024-05-31,0.39435774535333773
2024-06-03,0.39292509178422713
2024-06-04,0.3731484491934154
2024-06-05,0.37493688493897964
2024-06-06,0.3922452618524906
2024-06-07,0.436363595483968
2024-06-10,0.4372935890494633
2024-06-11,0.4430640775985398
2024-06-12,0.4378497357965937
2024-06-13,0.45618191834005106
2024-06-14,0.45725536032947445
2024-06-17,0.456878048873114
2024-06-18,0.44737517675314015
2024-06-20,0.46187979338112983
2024-06-21,0.4787869340664778
2024-06-24,0.4730376118154586
2024-06-25,0.47803718313312366
2024-06-26,0.47796711637679845
2024-06-27,0.47735146351291147
2024-06-28,0.4667009717602329
2024-07-01,0.46650346448261976
2024-07-02,0.44521630195701756
2024-07-03,0.4479017975135764
2024-07-05,0.45466900831583174
2024-07-08,0.45729560485291804
2024-07-09,0.44730133698441144
2024-07-10,0.4473499700529501
2024-07-11,0.42300804477129234
2024-07-12,0.4248386134129078
2024-07-15,0.4190161325536325
2024-07-16,0.4089161754817305
2024-07-17,0.42013608632930116
2024-07-18,0.40522898879482816
2024-07-19,0.4124777530498572
2024-07-22,0.3909185849085708
2024-07-23,0.3483891502126805
2024-07-24,0.34555432330989644
2024-07-25,0.3641906965860452
2024-07-26,0.3470331616203411
2024-07-29,0.32920570605018507
2024-07-30,0.33432878564160806
2024-07-31,0.3372919333864304
2024-08-01,0.33947756181853633
2024-08-02,0.31253383610402974
2024-08-05,0.314960040179107
2024-08-06,0.3151213728931159
2024-08-07,0.31049658181322554
2024-08-08,0.32014370507211204
2024-08-09,0.32011393511154046
2024-08-12,0.32195589847183304
2024-08-13,0.3223352161244639
2024-08-14,0.32475738275764765
2024-08-15,0.32385502612413364
2024-08-16,0.3159790305197044
2024-08-19,0.31349335630159475
2024-08-20,0.31397575929892974
2024-08-21,0.3140272759678665
2024-08-22,0.30908853815514997
2024-08-23,0.31755349257131865
2024-08-26,0.3177480427342398
2024-08-27,0.31332682993655014
2024-08-28,0.30682332210765245
2024-08-29,0.3092173531370337
2024-08-30,0.3073547652537105
2024-09-03,0.3170357605996366
2024-09-04,0.3180662454769949
2024-09-05,0.32360494122575223
2024-09-06,0.30972023312014085
2024-09-09,0.3136836480929602
2024-09-10,0.313168169819964
2024-09-11,0.3070416484310812
2024-09-12,0.3268998425108831
2024-09-13,0.3346709718446251
2024-09-16,0.33421113263505414
2024-09-17,0.3076786814418057
2024-09-18,0.30997028999613513
2024-09-19,0.3128330077530367
2024-09-20,0.3071600224688076
2024-09-23,0.31105517391627313
2024-09-24,0.33023938486956017
2024-09-25,0.33219839267573015
2024-09-26,0.32668799407251214
2024-09-27,0.31553946923983844
2024-09-30,0.31644341868452214
2024-10-01,0.3145433857893235
2024-10-02,0.31437404922541656
2024-10-03,0.3173608910978281
2024-10-04,0.31259873837319574
2024-10-07,0.3076703756229886
2024-10-08,0.33503144200724977
2024-10-09,0.33503420832156117
2024-10-10,0.3292807985583844
2024-10-11,0.33045391825143744
2024-10-14,0.3216362857585968
2024-10-15,0.31030205895432245
2024-10-16,0.3102703254934992
2024-10-17,0.30804403011163173
2024-10-18,0.31367742315701175
2024-10-21,0.3170328375506407
2024-10-22,0.32258289896527487
2024-10-23,0.3438652980008274
2024-10-24,0.32722706461773726
2024-10-25,0.316559976357824
2024-10-28,0.3167134247388984
2024-10-29,0.3168922328630361
2024-10-30,0.3173709732782886
2024-10-31,0.3323944086980074
2024-11-01,0.3327294873205657
2024-11-04,0.3299823009062837
2024-11-05,0.3057385448805817
2024-11-06,0.33002390390639175
2024-11-07,0.33264245440332735
2024-11-08,0.3315141604236821
2024-11-11,0.3386347218678836
2024-11-12,0.33782695037144567
2024-11-13,0.33734586848766424
2024-11-14,0.33270621610161627
2024-11-15,0.3328130900235482
2024-11-18,0.3407587079687057
2024-11-19,0.31494513798943313
2024-11-20,0.31603919679441855
2024-11-21,0.3112758446924436
2024-11-22,0.3097256310927697
2024-11-25,0.3237611580079561
2024-11-26,0.3212794864543161
2024-11-27,0.3210831275983586
2024-11-29,0.3262736380383319
2024-12-02,0.29474154664484686
2024-12-03,0.29116129027507587
2024-12-04,0.2804713105127495
2024-12-05,0.26609263344892303
2024-12-06,0.2663242241378127
2024-12-09,0.2853913626204581
2024-12-10,0.2849275405848299
2024-12-11,0.2826285381285679
2024-12-12,0.3040335518146045
2024-12-13,0.2899759536759587
2024-12-16,0.29009679819121975
2024-12-17,0.290170689467077
2024-12-18,0.28950902362516484
2024-12-19,0.2887147869833909
2024-12-20,0.28997031023919967
2024-12-23,0.2894989048798184
2024-12-24,0.28006352080530666
2024-12-26,0.279763664216572
2024-12-27,0.2820255734228569
2024-12-30,0.28659958825555437
2024-12-31,0.28673444908944523
2025-01-02,0.28472470065817984
2025-01-03,0.28549201431880394
2025-01-06,0.29012834590932507
2025-01-07,0.2903392624458543
2025-01-08,0.2876489740761113
2025-01-09,0.2703834865342052
2025-01-10,0.2712455934051993
2025-01-13,0.286444020455593
2025-01-14,0.2808199663350417
2025-01-15,0.3025882061931643
2025-01-16,0.2974020127286537
2025-01-17,0.29953964595487914
2025-01-21,0.29950964238198013
2025-01-22,0.2995799508208481
2025-01-23,0.28734708077113885
2025-01-24,0.2892763860910723
2025-01-27,0.29621608993810716
2025-01-28,0.27676073959047864
2025-01-29,0.2756041970067707
2025-01-30,0.29396722821016835
2025-01-31,0.29469146437973903
2025-02-03,0.29444965485533986
2025-02-04,0.2629738918095109
2025-02-05,0.25932989660139566
2025-02-06,0.26206749791590933
2025-02-07,0.26324365564505536
2025-02-10,0.26325592781660684
2025-02-11,0.2600958137850757
2025-02-12,0.25395798110976886
2025-02-13,0.2528274700786547
2025-02-14,0.24605744612176997
2025-02-18,0.24849727267400398
2025-02-19,0.24776571164034186
2025-02-20,0.24972068237499723
2025-02-21,0.2545668442187596
2025-02-24,0.2568682287822455
2025-02-25,0.2662794646907196
2025-02-26,0.24966304995369715
2025-02-27,0.2541735486918121
2025-02-28,0.2345050937423113
2025-03-03,0.2457785393553296
2025-03-04,0.2392514631862456
2025-03-05,0.2459579993672073
2025-03-06,0.245989037290715
2025-03-07,0.24428603635322635
2025-03-10,0.2444636582155751
2025-03-11,0.2364562196679409
2025-03-12,0.2377276161674197
2025-03-13,0.23788042143065297
2025-03-14,0.21633580772491887
2025-03-17,0.21516636387583507
2025-03-18,0.21764771008951206
2025-03-19,0.2212843705837053
2025-03-20,0.22207292750158453
2025-03-21,0.22435761356012657
2025-03-24,0.22357248648884295
2025-03-25,0.23180498757730839
2025-03-26,0.2309548402444221
2025-03-27,0.23819852873988057
2025-03-28,0.23958697740354273
2025-03-31,0.24042421860426758
2025-04-01,0.23849320943593622
2025-04-02,0.23767362412580825
2025-04-03,0.3262929536124127
2025-04-04,0.40654230504706906
2025-04-07,0.40877171068403245
2025-04-08,0.4042465176814943
2025-04-09,0.40903330676198196
2025-04-10,0.4090488498053711
2025-04-11,0.4202778664849539
2025-04-14,0.41421003981462634
2025-04-15,0.4143199176993755
2025-04-16,0.41354608977207147
2025-04-17,0.4156351299436786
2025-04-21,0.41315379904206406
2025-04-22,0.4136176849558006
2025-04-23,0.4137750519686517
2025-04-24,0.4105896587867316
2025-04-25,0.4097183017138979
2025-04-28,0.4094828076412259
2025-04-29,0.41032400664700475
2025-04-30,0.41243928772215854
2025-05-01,0.410616900080986
2025-05-02,0.41067764093360254
2025-05-05,0.4093895246099953
2025-05-06,0.41790861937801754
2025-05-07,0.4156238997227177
2025-05-08,0.4157027333798603
2025-05-09,0.4092650419219691
2025-05-12,0.4094691556947107
2025-05-13,0.4121563861261599
2025-05-14,0.4150502245757399
2025-05-15,0.4145914188266763
2025-05-16,0.34916939690733073
2025-05-19,0.23469955215334912
2025-05-20,0.23819678946786466
2025-05-21,0.24021997159737282
2025-05-22,0.23678618876085858
2025-05-23,0.23693868836893045
2025-05-27,0.21525046871137174
2025-05-28,0.2148484552199213
2025-05-29,0.21578291159643972
2025-05-30,0.2098245605612781
2025-06-02,0.25114880707765835
2025-06-03,0.251414560075039
2025-06-04,0.2497570869922259
2025-06-05,0.26189778625463755
2025-06-06,0.2625135218754238
2025-06-09,0.26109933058902907
2025-06-10,0.2618437091960381
2025-06-11,0.2643781404193633
2025-06-12,0.25338934985347017
2025-06-13,0.24986938940865105
2025-06-16,0.2479961670620525
2025-06-17,0.2517873028954437
2025-06-18,0.2436093838717057
2025-06-20,0.24926876863968142
2025-06-23,0.2480815129485953
2025-06-24,0.2519195011253774
2025-06-25,0.2502731607210397
2025-06-26,0.2499269987009234
2025-06-27,0.24659292791615633
2025-06-30,0.24762097813271516
2025-07-01,0.24447205075080297
2025-07-02,0.24499759421413966
2025-07-03,0.2406246216394119
2025-07-04,0.23863029556688986
2025-07-07,0.23513696883990512
2025-07-08,0.2346912363474969
2025-07-09,0.23280359472730597
2025-07-10,0.23597845927131544
2025-07-11,0.2630976227086947
2025-07-14,0.26023028979821994
2025-07-15,0.22924395082498789
2025-07-16,0.22892365162251213
2025-07-17,0.22885643877867262
2025-07-18,0.20983005938185595
2025-07-21,0.21732749452149766
2025-07-22,0.21246567534259245
2025-07-23,0.21187303315077385
2025-07-24,0.2101801223130176
2025-07-25,0.2218628701595578
2025-07-28,0.2224431433338603
2025-07-29,0.22242147819504593
2025-07-30,0.2199450333284862
2025-07-31,0.233348085464778
2025-08-01,0.2226469879159799
2025-08-04,0.22431046604675245
2025-08-05,0.22324046266904904
2025-08-06,0.2216609506325587
2025-08-07,0.220203098677412
2025-08-08,0.2150093186312541
2025-08-11,0.22328432270426254
2025-08-12,0.22326231572296093
2025-08-13,0.22590467169125572
2025-08-14,0.22888798461875115
2025-08-15,0.22907788992366576
2025-08-18,0.22849512550975598
2025-08-19,0.2349726683816789
2025-08-20,0.23678325598719732
2025-08-21,0.2319571979858041
2025-08-22,0.20675976130029108
2025-08-25,0.20762019671196819
2025-08-26,0.20179545519604916
2025-08-27,0.2018804046617058
2025-08-28,0.20454799656886952
2025-08-29,0.2166054034601834
2025-09-02,0.2155268364669693
2025-09-03,0.21710774339227681
2025-09-04,0.22258771933001684
2025-09-05,0.2213890694584969
2025-09-08,0.21039297503671275
2025-09-09,0.21472808082657902
2025-09-10,0.21497606309526854
2025-09-11,0.211571447687196
2025-09-12,0.1938051383757367
2025-09-15,0.1938378370720055
2025-09-16,0.1936988370475667
2025-09-17,0.2020605976569923
2025-09-18,0.20233131371246466
2025-09-19,0.20699956507164768
2025-09-22,0.2201844961453747
2025-09-23,0.20823583365466025
2025-09-24,0.2125848638374244
2025-09-25,0.21541254599840046
2025-09-26,0.22380854360917785
2025-09-29,0.22222586686618923
2025-09-30,0.22578482779334133
2025-10-01,0.2173930689530738
2025-10-02,0.23987887802457108
2025-10-03,0.2531950384401882
2025-10-06,0.2475264562249594
2025-10-07,0.2549210943771461
2025-10-08,0.26295738988198286
2025-10-09,0.29336696819539204
2025-10-10,0.29302797049680535
2025-10-13,0.3394344296709979
2025-10-14,0.33695389005178666
2025-10-15,0.3375329184213666
2025-10-16,0.34228289549466834
2025-10-17,0.39563767443828113
2025-10-20,0.3991971848658484
2025-10-21,0.4572481375538091
2025-10-22,0.4574822664151516
2025-10-23,0.4593005051406238
2025-10-24,0.4585718183812275
2025-10-27,0.4747234494644079
2025-10-28,0.47516097579426164
2025-10-29,0.47131980825846725
2025-10-30,0.47189482576878217
2025-10-31,0.4716218789862831
2025-11-03,0.46581968851107053
2025-11-04,0.4687778554012365
2025-11-05,0.4688205215181658
2025-11-06,0.4659994943432995
2025-11-07,0.45645369787888374
2025-11-10,0.47314133190932117
2025-11-11,0.4723460588315106
2025-11-12,0.49150368708854164
2025-11-13,0.4831348520182469
2025-11-14,0.4974583442748945
2025-11-17,0.496945993914214
2025-11-18,0.4932965139407309
2025-11-19,0.4860045293547021
2025-11-20,0.47344728572351363
2025-11-21,0.4743695510645179
2025-11-24,0.4324104980821398
2025-11-25,0.43378161507278173
2025-11-26,0.4459394953530165
2025-11-28,0.4731293975322045
2025-12-01,0.44371955565210863
2025-12-02,0.44132776684273683
2025-12-03,0.3780690679815293
2025-12-04,0.38481905779544034
2025-12-05,0.38735499705749676
2025-12-08,0.38991655086070814
2025-12-09,0.3799136450104502
2025-12-10,0.38009478289633514
2025-12-11,0.40697951861300774
2025-12-12,0.43187456182554274
2025-12-15,0.43154292040116626
2025-12-16,0.4319438349441102
2025-12-17,0.4458329138252216
2025-12-18,0.45806558240824147
2025-12-19,0.4619596772660984
2025-12-22,0.4616292531925594
2025-12-23,0.4577127506620084
2025-12-24,0.4577821117772668
2025-12-26,0.48056485288277573
2025-12-29,0.5584895963667945
2025-12-30,0.6002639143953522
2025-12-31,0.6769845556805029
2026-01-02,0.6756843053499456
2026-01-05,0.7029909715581887
2026-01-06,0.709383108218698
2026-01-07,0.7266232002690077
2026-01-08,0.7391078942739466
2026-01-09,0.7487688243618668
2026-01-12,0.7640209812850902
2026-01-13,0.7492753951695736
2026-01-14,0.7575640149247809
2026-01-15,0.7544919181774739
2026-01-16,0.7714097361214414
2026-01-20,0.7800376142201677
2026-01-21,0.7876653758481484
2026-01-22,0.7862550842332272
2026-01-23,0.7894109403469354
