Forecast_Date,Day,Mean_Price,Median_Price,P5_Price,P10_Price,P25_Price,P75_Price,P90_Price,P95_Price,Std_Price,Min_Price,Max_Price,S0_Reference,Return_Mean_Pct,Return_P5_Pct,Return_P95_Pct
2026-01-26,1,101.3978,101.3625,97.1264,98.0405,99.6229,103.1422,104.7813,105.7643,2.6293,91.5995,112.1922,100.9250031,0.4685,-3.7638,4.7949
2026-01-27,2,101.9132,101.8382,95.9914,97.2869,99.3512,104.3455,106.758,108.2,3.7178,88.6919,115.7949,100.9250031,0.9791,-4.8884,7.2083
2026-01-28,3,102.3661,102.2548,94.8985,96.5156,99.1924,105.4607,108.3608,110.1829,4.6446,85.9747,120.4399,100.9250031,1.4279,-5.9713,9.173
2026-01-29,4,102.8315,102.6873,94.1352,96.0074,99.1221,106.4767,109.7458,111.8503,5.3791,84.3159,125.9176,100.9250031,1.889,-6.7276,10.8252
2026-01-30,5,103.3361,103.1857,93.5329,95.6321,99.2023,107.3564,110.9917,113.4222,6.0281,80.2654,128.0209,100.9250031,2.389,-7.3244,12.3827
2026-02-02,6,103.8278,103.6512,93.3056,95.4893,99.3056,108.1387,112.3409,114.9496,6.5876,79.0608,132.2989,100.9250031,2.8762,-7.5496,13.8961
2026-02-03,7,104.3495,104.1393,93.0294,95.3448,99.4164,109.0589,113.54,116.3035,7.1419,79.6999,133.0458,100.9250031,3.3931,-7.8232,15.2375
2026-02-04,8,104.8418,104.6162,92.6958,95.1818,99.5369,109.754,114.8664,117.9819,7.6955,79.4275,138.8768,100.9250031,3.8809,-8.1538,16.9006
2026-02-05,9,105.3525,105.0255,92.3656,94.9625,99.7603,110.6467,116.0345,119.3974,8.2019,79.5674,146.5279,100.9250031,4.3869,-8.481,18.3031
2026-02-06,10,105.8378,105.374,92.2178,95.0039,99.8231,111.4084,117.0594,120.8548,8.6916,77.4532,149.0064,100.9250031,4.8678,-8.6274,19.7471
2026-02-09,11,106.3683,105.9839,92.0903,95.0185,100.0487,112.2028,118.3175,122.1063,9.1349,77.8754,147.7108,100.9250031,5.3934,-8.7537,20.9872
2026-02-10,12,106.887,106.4474,91.8663,94.9652,100.3243,113.0055,119.3369,123.2889,9.6006,76.1633,153.1184,100.9250031,5.9074,-8.9757,22.1589
2026-02-11,13,107.3802,106.8199,91.7486,94.9758,100.5071,113.7809,120.5437,124.7475,10.0467,74.7813,161.8273,100.9250031,6.396,-9.0923,23.6042
2026-02-12,14,107.9022,107.3282,91.4699,94.847,100.7538,114.6038,121.5594,125.7262,10.479,75.6766,165.3137,100.9250031,6.9132,-9.3684,24.5739
2026-02-13,15,108.4173,107.8649,91.4033,94.8577,100.8626,115.4199,122.5795,127.1075,10.8896,72.8289,166.0031,100.9250031,7.4236,-9.4344,25.9425
2026-02-16,16,108.9224,108.1988,91.2389,94.9721,101.1493,116.1738,123.7827,128.3225,11.265,75.1075,167.1953,100.9250031,7.9241,-9.5973,27.1464
2026-02-17,17,109.4333,108.7082,91.3129,94.9877,101.3096,116.9141,124.8566,129.7237,11.7149,74.6466,166.4033,100.9250031,8.4303,-9.524,28.5347
2026-02-18,18,109.9885,109.3588,91.1574,94.8967,101.4712,117.906,125.6762,130.8175,12.1338,74.4212,174.3696,100.9250031,8.9804,-9.6781,29.6185
2026-02-19,19,110.4513,109.8924,91.0688,94.9612,101.6974,118.4535,126.5465,131.9293,12.5061,71.9053,181.0943,100.9250031,9.439,-9.7659,30.7201
2026-02-20,20,110.991,110.2856,91.1349,94.9452,101.9313,119.2771,127.3701,133.1855,12.9068,71.2305,175.4407,100.9250031,9.9737,-9.7004,31.9648
2026-02-23,21,111.4815,110.8313,90.8169,95.0554,102.1615,120.0145,128.403,134.1039,13.2881,72.1241,177.705,100.9250031,10.4597,-10.0155,32.8748
2026-02-24,22,112.0102,111.2621,90.9018,95.0341,102.4923,120.74,129.7007,135.2762,13.6739,72.8534,177.4367,100.9250031,10.9836,-9.9313,34.0364
2026-02-25,23,112.5656,111.8513,90.9663,95.1892,102.7943,121.4842,130.7417,136.8125,14.0543,71.5855,181.5679,100.9250031,11.5339,-9.8674,35.5586
2026-02-26,24,113.1131,112.4011,91.0938,95.3486,102.9072,122.034,131.9242,137.8202,14.4236,72.7698,184.1944,100.9250031,12.0764,-9.7411,36.557
2026-02-27,25,113.6142,112.75,90.9308,95.5209,103.199,122.9557,133.0605,139.2401,14.8453,71.882,191.8606,100.9250031,12.5729,-9.9026,37.9639
2026-03-02,26,114.133,113.203,90.88,95.5336,103.5404,123.6587,133.9527,140.7753,15.1602,70.5717,188.2409,100.9250031,13.0869,-9.9529,39.4851
2026-03-03,27,114.6507,113.7765,90.9925,95.6264,103.7302,124.2398,134.8362,142.0412,15.5006,71.6159,189.7962,100.9250031,13.5999,-9.8415,40.7394
2026-03-04,28,115.2208,114.1846,90.9601,96.0512,104.1086,124.8565,136.1987,143.3406,15.8886,68.929,191.5266,100.9250031,14.1648,-9.8736,42.0268
2026-03-05,29,115.7719,114.613,90.961,96.0769,104.3629,125.7376,137.3908,144.007,16.2472,69.0933,194.2335,100.9250031,14.7108,-9.8727,42.6871
2026-03-06,30,116.3141,115.2345,91.1278,96.1796,104.7805,126.5596,138.0944,145.1473,16.5648,70.185,195.9797,100.9250031,15.2481,-9.7074,43.817
2026-03-09,31,116.8377,115.7324,91.0423,96.3425,104.9629,127.3334,139.0138,146.7374,16.9351,69.6602,198.1264,100.9250031,15.7669,-9.7921,45.3925
2026-03-10,32,117.3206,116.1724,90.7674,96.2979,105.0824,128.1832,140.053,147.9597,17.2734,70.4268,208.9098,100.9250031,16.2453,-10.0645,46.6036
2026-03-11,33,117.9155,116.73,91.4255,96.3652,105.4615,128.8504,141.0072,148.9578,17.5839,69.0397,216.1628,100.9250031,16.8348,-9.4124,47.5926
2026-03-12,34,118.4418,117.2394,91.4058,96.517,105.6801,129.5349,142.1983,150.1284,17.9339,68.9461,212.979,100.9250031,17.3563,-9.432,48.7524
2026-03-13,35,118.9833,117.7027,91.4739,96.6888,106.0447,130.1687,143.0854,151.2616,18.2727,66.9688,215.078,100.9250031,17.8928,-9.3645,49.8752
2026-03-16,36,119.5635,118.1287,91.8032,96.94,106.3947,131.2281,144.1076,152.6553,18.5692,66.0883,217.6768,100.9250031,18.4677,-9.0382,51.2562
2026-03-17,37,120.1678,118.7688,91.9673,97.1132,106.8633,131.7831,145.2092,153.5935,18.9051,65.8906,218.1489,100.9250031,19.0664,-8.8756,52.1858
2026-03-18,38,120.7813,119.2278,91.9695,97.3339,107.2426,132.684,146.2227,154.2781,19.2271,64.8138,224.6708,100.9250031,19.6743,-8.8734,52.8641
2026-03-19,39,121.3732,119.7601,92.1109,97.6086,107.4474,133.294,147.4678,155.5962,19.5971,65.0435,240.9011,100.9250031,20.2608,-8.7333,54.1701
2026-03-20,40,121.9159,120.2593,92.2425,97.8399,107.6685,134.1734,148.1753,156.6913,19.9393,67.5496,235.9797,100.9250031,20.7985,-8.6029,55.2552
2026-03-23,41,122.4554,120.8412,92.0016,97.7753,107.9828,134.8454,149.4185,158.3071,20.3011,64.68,231.5389,100.9250031,21.3331,-8.8416,56.8562
2026-03-24,42,123.0207,121.3828,92.1214,97.9091,108.2176,135.5701,150.4867,159.5988,20.7029,65.4943,239.7425,100.9250031,21.8932,-8.7229,58.136
2026-03-25,43,123.6413,122.0669,92.3274,98.144,108.5498,136.4776,151.9219,161.0694,21.1043,63.292,244.126,100.9250031,22.5081,-8.5188,59.5932
2026-03-26,44,124.2153,122.6282,92.3237,98.1264,108.9852,137.1798,152.9639,162.8278,21.4704,62.1207,251.0301,100.9250031,23.0768,-8.5225,61.3354
2026-03-27,45,124.7673,123.2198,92.554,98.1373,109.1193,137.964,153.9263,164.4413,21.8257,63.5924,257.0921,100.9250031,23.6238,-8.2943,62.9342
2026-03-30,46,125.3194,123.7374,92.7832,98.3023,109.4502,138.7627,154.7549,165.0635,22.1658,65.0043,254.2417,100.9250031,24.1708,-8.0672,63.5507
2026-03-31,47,125.8873,124.3588,92.7352,98.5536,109.8144,139.3004,155.6793,166.142,22.4901,64.1758,264.9143,100.9250031,24.7335,-8.1147,64.6193
2026-04-01,48,126.4315,124.6573,92.8164,98.5987,110.0019,140.0574,156.4885,167.3275,22.831,64.7914,268.2963,100.9250031,25.2727,-8.0343,65.7939
2026-04-02,49,127.0481,125.1302,93.0068,98.8772,110.7466,140.9796,157.4384,168.6394,23.2212,62.9852,278.2991,100.9250031,25.8837,-7.8456,67.0938
2026-04-03,50,127.6437,125.5132,92.8652,98.9149,111.0013,141.6481,158.7629,169.9904,23.6034,62.9664,285.8291,100.9250031,26.4738,-7.9859,68.4324
2026-04-06,51,128.2069,125.8479,92.8196,99.2906,111.3104,142.3402,159.8096,171.3395,23.9255,63.5867,287.035,100.9250031,27.0319,-8.0311,69.7691
2026-04-07,52,128.8294,126.6576,92.8671,99.6312,111.7007,143.6378,160.7824,172.428,24.2578,59.8086,290.8332,100.9250031,27.6486,-7.9841,70.8477
2026-04-08,53,129.4309,127.1298,93.0082,99.7579,111.9941,144.5357,161.6268,173.2446,24.6146,59.2398,292.2879,100.9250031,28.2446,-7.8442,71.6568
2026-04-09,54,130.0261,127.5765,92.7923,100.0376,112.3802,145.5099,162.7097,174.6724,24.9788,57.5702,298.2617,100.9250031,28.8344,-8.0582,73.0715
2026-04-10,55,130.6631,128.434,93.3862,100.2489,112.6333,146.1529,164.0011,175.807,25.3656,58.2338,304.829,100.9250031,29.4655,-7.4697,74.1957
2026-04-13,56,131.2536,128.8583,93.5847,100.3043,112.9673,147.1769,165.0723,177.1632,25.698,57.4955,311.1027,100.9250031,30.0506,-7.273,75.5395
2026-04-14,57,131.9145,129.4359,93.782,100.3751,113.3377,147.7963,166.3009,177.9199,26.0106,56.9252,316.9239,100.9250031,30.7055,-7.0775,76.2892
2026-04-15,58,132.4965,129.9156,93.9153,100.7677,113.6843,148.3566,167.4806,179.4131,26.349,57.5162,325.4616,100.9250031,31.2821,-6.9455,77.7687
2026-04-16,59,133.0758,130.6171,94.2101,101.2684,113.9474,148.6838,168.1008,180.5522,26.6163,56.6106,331.9084,100.9250031,31.8561,-6.6534,78.8974
2026-04-17,60,133.7081,131.1822,94.3433,101.4742,114.5365,149.5842,169.4843,182.2343,26.9594,61.2904,344.471,100.9250031,32.4826,-6.5214,80.5641
2026-04-20,61,134.2868,131.7472,94.8242,101.5808,114.6777,150.4335,170.7512,183.0789,27.294,59.7187,332.429,100.9250031,33.056,-6.0449,81.4009
2026-04-21,62,135.0131,132.4871,94.9281,101.9902,115.2799,151.5842,171.692,184.7307,27.7209,58.239,333.7802,100.9250031,33.7757,-5.9419,83.0376
2026-04-22,63,135.6267,132.8543,94.9847,102.1373,115.5062,152.4938,172.582,185.8733,28.0411,56.7047,343.2852,100.9250031,34.3836,-5.8859,84.1697
2026-04-23,64,136.2987,133.6495,95.2229,102.156,116.1407,153.5124,173.2799,187.3287,28.3759,56.9031,336.3718,100.9250031,35.0495,-5.6498,85.6118
2026-04-24,65,136.912,134.1239,95.3212,102.4074,116.3916,154.2364,174.7882,188.6983,28.6939,55.8737,335.2727,100.9250031,35.6572,-5.5524,86.9688
2026-04-27,66,137.6033,134.947,95.3197,102.5736,116.7122,155.0226,176.1802,189.3587,29.0689,55.8316,321.3175,100.9250031,36.3421,-5.5539,87.6232
2026-04-28,67,138.2767,135.5531,95.5123,102.8055,117.2854,155.6729,177.215,191.184,29.429,58.2267,302.9433,100.9250031,37.0094,-5.3631,89.4318
2026-04-29,68,138.9439,136.0845,95.7187,103.1201,117.9,156.754,178.4106,192.5475,29.8188,56.6354,312.7753,100.9250031,37.6704,-5.1586,90.7828
2026-04-30,69,139.627,136.6507,96.1849,103.2787,118.076,157.525,179.5702,193.503,30.2073,58.1218,326.183,100.9250031,38.3473,-4.6967,91.7295
2026-05-01,70,140.2845,137.1448,95.9282,103.5707,118.5926,158.5876,180.457,194.6145,30.5013,58.0381,326.2876,100.9250031,38.9988,-4.951,92.8308
2026-05-04,71,140.9729,137.7112,96.404,103.8074,119.0723,159.4052,182.2084,196.1398,30.8625,58.8415,332.2797,100.9250031,39.6808,-4.4796,94.3421
2026-05-05,72,141.6377,138.389,96.7585,104.5768,119.6492,160.4308,183.0181,197.8524,31.1857,60.8405,323.6635,100.9250031,40.3396,-4.1283,96.039
2026-05-06,73,142.3048,138.9139,96.5834,104.8927,120.0142,161.4557,184.0048,198.3501,31.5638,60.0076,322.5072,100.9250031,41.0005,-4.3018,96.5322
2026-05-07,74,142.9552,139.5421,96.985,105.0115,120.3507,162.4422,185.1132,199.5753,31.9494,60.2498,346.7613,100.9250031,41.645,-3.9039,97.7461
2026-05-08,75,143.5967,140.0677,97.1693,104.9537,120.8034,163.4857,186.093,200.9221,32.2768,60.1185,356.1779,100.9250031,42.2806,-3.7213,99.0806
2026-05-11,76,144.2743,140.7129,97.5181,105.3787,121.1069,164.1238,187.4903,202.6484,32.6737,57.3563,359.7008,100.9250031,42.952,-3.3757,100.7911
2026-05-12,77,145.0129,141.2975,97.5701,105.8121,121.5717,165.0912,188.6774,204.335,33.0807,57.4007,366.5804,100.9250031,43.6838,-3.3242,102.4622
2026-05-13,78,145.7019,142.0077,98.026,106.2092,121.7767,165.9158,189.835,205.2869,33.4396,56.3769,365.3212,100.9250031,44.3665,-2.8724,103.4054
2026-05-14,79,146.4358,142.4776,97.8408,106.4555,122.2187,167.0943,191.2579,206.7438,33.8426,57.2266,364.2671,100.9250031,45.0937,-3.0559,104.8489
2026-05-15,80,147.1366,143.257,98.2693,106.7874,122.7947,167.8585,192.2056,208.7167,34.2695,58.6734,370.95,100.9250031,45.7881,-2.6314,106.8038
2026-05-18,81,147.8025,143.4654,98.3837,107.0611,123.076,168.7214,193.891,210.6595,34.6425,58.4184,373.0196,100.9250031,46.4479,-2.518,108.7288
2026-05-19,82,148.5241,144.4181,98.4768,107.0922,123.5051,169.5501,194.8372,211.5912,35.0164,60.4581,373.1282,100.9250031,47.1628,-2.4258,109.6519
2026-05-20,83,149.2154,144.8207,98.4646,107.3486,123.8481,170.7075,196.3301,212.8128,35.394,59.5826,385.3875,100.9250031,47.8478,-2.4379,110.8623
2026-05-21,84,149.8566,145.5935,98.8862,107.7474,124.2979,171.8443,197.4795,213.8613,35.7261,59.811,386.2764,100.9250031,48.4831,-2.0201,111.9012
2026-05-22,85,150.5361,145.8995,98.9182,107.8971,124.7088,172.6153,198.3801,216.046,36.0994,58.8548,381.69,100.9250031,49.1564,-1.9884,114.0659
2026-05-25,86,151.2156,146.646,99.1502,108.3199,124.9438,173.244,199.3376,217.6248,36.5062,60.7179,373.424,100.9250031,49.8297,-1.7585,115.6302
2026-05-26,87,151.9182,147.4977,98.7785,108.6014,125.5926,173.9532,200.6582,218.8805,36.8848,60.2305,376.8824,100.9250031,50.5258,-2.1268,116.8744
2026-05-27,88,152.6773,147.9618,99.3571,109.1191,126.0368,175.0506,202.062,220.2145,37.2816,60.336,381.2928,100.9250031,51.278,-1.5535,118.1962
2026-05-28,89,153.3813,148.7047,99.6206,109.2346,126.6249,176.2183,203.0941,221.3541,37.6616,58.874,400.1471,100.9250031,51.9755,-1.2924,119.3253
2026-05-29,90,154.1064,149.3813,99.7408,109.6154,126.9494,176.7088,204.7331,222.8126,38.051,59.7361,378.8896,100.9250031,52.694,-1.1733,120.7705
2026-06-01,91,154.8139,150.2569,100.1149,109.7792,127.231,177.598,205.9155,224.593,38.3337,58.8579,376.105,100.9250031,53.395,-0.8027,122.5345
2026-06-02,92,155.4508,150.8056,100.3416,109.9519,127.5498,178.3276,207.0188,225.593,38.6181,59.1755,376.317,100.9250031,54.0261,-0.5781,123.5254
2026-06-03,93,156.1726,151.7342,101.228,110.2955,128.1506,179.1545,208.8275,226.8258,38.932,56.554,383.423,100.9250031,54.7412,0.3002,124.7469
2026-06-04,94,156.8458,152.192,101.1858,110.5558,128.5355,180.1916,208.8798,228.6546,39.3919,58.42,390.0575,100.9250031,55.4083,0.2584,126.5589
2026-06-05,95,157.5845,152.9287,101.5549,110.7676,129.1438,181.2865,210.2062,229.2976,39.7714,58.3042,397.2829,100.9250031,56.1402,0.6241,127.196
2026-06-08,96,158.2242,153.7793,101.3026,111.1732,129.4494,182.0117,211.1626,231.3592,40.2012,57.5464,406.0256,100.9250031,56.774,0.3741,129.2387
2026-06-09,97,158.9738,154.2363,101.6916,111.2277,129.9724,183.1149,212.5149,233.1126,40.6187,56.9781,394.8336,100.9250031,57.5168,0.7596,130.9761
2026-06-10,98,159.6956,154.8882,101.4677,111.8085,130.5321,183.8445,213.8416,234.3655,41.0417,56.6611,421.1833,100.9250031,58.2319,0.5377,132.2175
2026-06-11,99,160.4024,155.6153,101.4401,112.1432,130.8177,184.6976,214.6535,235.7705,41.4091,56.9742,426.7293,100.9250031,58.9323,0.5104,133.6096
2026-06-12,100,161.1385,156.0568,101.8871,112.2555,131.2476,185.4347,216.1145,237.7092,41.8925,54.9805,431.5443,100.9250031,59.6616,0.9533,135.5305
2026-06-15,101,161.9952,156.9404,101.9628,112.5092,131.4323,186.896,217.6886,239.2186,42.3492,53.7798,443.0331,100.9250031,60.5105,1.0283,137.0261
2026-06-16,102,162.7938,157.704,102.7315,112.9249,131.6705,187.663,218.95,241.1305,42.8639,55.4389,444.7638,100.9250031,61.3018,1.7899,138.9205
2026-06-17,103,163.5221,158.6272,102.8001,113.3054,132.4207,188.7684,219.709,242.4984,43.26,55.0768,451.5335,100.9250031,62.0234,1.8579,140.2758
2026-06-18,104,164.2747,159.0963,102.7968,113.528,132.9535,189.3949,221.1253,244.1681,43.7007,53.2751,453.1644,100.9250031,62.7691,1.8546,141.9302
2026-06-19,105,165.0741,159.7668,102.6776,113.7739,133.4156,190.6136,222.5153,245.1194,44.1223,53.3043,456.324,100.9250031,63.5612,1.7365,142.8728
2026-06-22,106,165.901,160.6337,102.9318,113.9542,133.9191,191.857,224.3629,246.7672,44.6405,55.7569,463.3463,100.9250031,64.3805,1.9884,144.5055
2026-06-23,107,166.6976,161.2502,103.2755,114.3267,134.2863,192.8188,225.5817,248.126,45.0952,53.5803,463.1549,100.9250031,65.1698,2.329,145.8519
2026-06-24,108,167.4743,161.653,103.4347,114.6504,135.1142,193.7024,226.4825,249.7323,45.5129,55.5245,475.351,100.9250031,65.9394,2.4867,147.4434
2026-06-25,109,168.3057,162.7466,103.7166,114.8919,135.6917,195.0156,228.034,251.5454,45.9109,53.4507,485.0347,100.9250031,66.7631,2.766,149.2399
2026-06-26,110,169.034,163.2953,103.7311,115.1173,135.844,195.8327,228.5942,254.2335,46.355,55.1033,486.3494,100.9250031,67.4848,2.7804,151.9034
2026-06-29,111,169.8384,164.0324,104.1469,115.6191,136.2782,197.0766,230.6189,255.8513,46.8078,55.5163,502.3789,100.9250031,68.2818,3.1924,153.5064
2026-06-30,112,170.5966,164.4041,104.543,115.7824,136.5754,197.5975,233.2191,257.3737,47.2391,54.084,513.941,100.9250031,69.033,3.5848,155.0148
2026-07-01,113,171.4348,165.4049,104.7786,116.2482,137.1329,198.7162,233.4837,259.5623,47.716,54.1843,507.1644,100.9250031,69.8636,3.8183,157.1833
2026-07-02,114,172.2263,166.1027,105.1944,116.4805,137.4573,200.0843,235.455,260.1467,48.1077,51.9472,508.0322,100.9250031,70.6478,4.2303,157.7624
2026-07-03,115,173.0198,167.0091,105.4539,116.8274,137.8416,201.0418,236.3795,262.0984,48.4915,52.1169,490.5367,100.9250031,71.434,4.4874,159.6962
2026-07-06,116,173.8962,167.5496,105.3835,116.822,138.2053,202.2757,238.1102,264.3918,49.0237,53.1447,473.5429,100.9250031,72.3024,4.4176,161.9686
2026-07-07,117,174.7337,168.5752,105.5477,117.2064,138.7181,203.3537,238.8408,264.5136,49.4877,52.1895,468.97,100.9250031,73.1322,4.5803,162.0893
2026-07-08,118,175.5621,169.2632,105.6077,117.4324,139.2499,204.2366,241.3426,266.5406,49.9409,52.4449,461.3557,100.9250031,73.953,4.6398,164.0977
2026-07-09,119,176.3411,170.0526,105.7165,117.5145,139.8208,205.3148,241.8653,267.2893,50.3351,53.6255,471.9213,100.9250031,74.7249,4.7476,164.8395
2026-07-10,120,177.2868,170.8272,106.7548,118.1358,140.2596,206.8756,243.0661,270.105,50.8607,54.549,481.0186,100.9250031,75.6619,5.7764,167.6294
2026-07-13,121,178.1584,171.7058,106.8739,118.889,140.9324,207.954,244.585,272.2667,51.2262,53.3583,503.1994,100.9250031,76.5255,5.8944,169.7713
2026-07-14,122,178.9978,172.2178,106.8415,119.3644,141.6022,209.1907,246.1417,273.1883,51.6501,52.7556,512.063,100.9250031,77.3572,5.8623,170.6845
2026-07-15,123,179.8201,173.128,107.1574,119.196,142.0404,210.1864,247.557,274.8166,52.047,51.4264,498.851,100.9250031,78.172,6.1753,172.2978
2026-07-16,124,180.5248,173.6957,107.6426,119.6756,142.6868,211.447,249.2086,275.5489,52.4627,49.7122,515.5016,100.9250031,78.8702,6.656,173.0234
2026-07-17,125,181.3111,174.4945,107.6379,120.0319,143.1212,212.2067,250.9516,276.9881,52.8384,48.478,512.8631,100.9250031,79.6493,6.6514,174.4494
2026-07-20,126,182.1347,175.2454,108.1769,120.58,143.6645,213.344,252.2738,278.4117,53.3002,50.1073,521.0353,100.9250031,80.4654,7.1854,175.86
2026-07-21,127,182.9665,175.874,108.9036,120.8061,143.9323,214.939,253.173,280.0125,53.7164,51.1295,517.3408,100.9250031,81.2896,7.9055,177.4461
2026-07-22,128,183.7214,177.165,108.8928,120.8393,144.5581,215.3716,254.5397,281.3582,54.0884,50.991,544.6222,100.9250031,82.0375,7.8948,178.7795
2026-07-23,129,184.6054,177.4822,109.0935,121.6755,144.8108,216.7491,255.8847,284.0843,54.5725,51.1374,555.1588,100.9250031,82.9134,8.0936,181.4806
2026-07-24,130,185.4129,178.441,108.9934,121.9468,145.3639,217.7592,257.7203,286.5773,54.9971,51.0337,578.68,100.9250031,83.7135,7.9944,183.9507
2026-07-27,131,186.1792,178.9558,109.0976,122.3147,145.7065,219.1642,259.3943,287.7849,55.4337,54.3667,596.3277,100.9250031,84.4728,8.0977,185.1473
2026-07-28,132,187.0325,179.4039,109.6966,122.2461,146.3729,219.8063,260.8551,289.7888,56.0173,55.2209,614.6721,100.9250031,85.3183,8.6912,187.1328
2026-07-29,133,187.9362,180.3365,110.0738,122.4561,147.3467,221.2638,262.8547,290.5218,56.4495,54.4733,630.7404,100.9250031,86.2137,9.0649,187.8591
2026-07-30,134,188.8203,180.9896,110.363,123.0078,147.7711,222.5423,263.4656,293.1696,56.8876,56.065,608.549,100.9250031,87.0897,9.3515,190.4826
2026-07-31,135,189.711,181.8556,110.3592,123.7862,148.3136,223.522,265.1088,294.8873,57.4632,55.5327,613.2675,100.9250031,87.9723,9.3477,192.1846
2026-08-03,136,190.5741,182.9525,110.8718,123.7917,148.7503,224.6402,266.2042,296.8308,57.8822,55.0186,616.81,100.9250031,88.8274,9.8556,194.1103
2026-08-04,137,191.4862,183.8971,111.1805,124.3297,149.26,225.4563,268.0615,298.8224,58.4424,54.4755,648.9838,100.9250031,89.7312,10.1615,196.0836
2026-08-05,138,192.3461,184.678,111.7194,124.9456,149.7399,225.9736,269.2543,301.3155,58.8849,54.8748,646.4319,100.9250031,90.5832,10.6955,198.5539
2026-08-06,139,193.3008,185.5354,111.7501,125.2752,150.3472,226.9857,270.5071,301.8876,59.4095,54.4951,668.9312,100.9250031,91.5291,10.7259,199.1207
2026-08-07,140,194.2327,186.321,112.4243,125.5483,151.0751,228.3686,271.6714,304.1205,59.8912,56.0763,662.4162,100.9250031,92.4525,11.3939,201.3332
2026-08-10,141,195.2271,187.2045,112.4218,126.0886,151.7002,230.0162,273.1836,305.9324,60.5935,57.5888,648.4631,100.9250031,93.4378,11.3914,203.1285
2026-08-11,142,196.2006,187.9204,112.6213,126.3076,151.9833,230.8637,275.5671,308.2822,61.1113,55.579,618.4948,100.9250031,94.4024,11.5891,205.4567
2026-08-12,143,197.1348,188.8562,113.1147,126.7481,152.5343,231.8924,276.4795,311.4962,61.6165,55.3739,623.6859,100.9250031,95.328,12.078,208.6413
2026-08-13,144,198.0381,189.4369,113.7489,126.8577,153.1006,233.2466,278.5142,311.7562,62.2312,57.417,613.2434,100.9250031,96.223,12.7064,208.8989
2026-08-14,145,198.9439,190.316,114.0242,127.3623,153.9172,234.287,280.915,313.4808,62.7243,56.0272,624.9575,100.9250031,97.1205,12.9791,210.6077
2026-08-17,146,199.7873,191.4896,114.4313,127.5567,154.3713,235.6941,282.5492,314.6417,63.1854,56.0141,647.2706,100.9250031,97.9562,13.3825,211.7579
2026-08-18,147,200.7506,191.7563,114.4185,128.1651,154.954,237.3697,283.5249,316.5476,63.6967,56.8082,637.1,100.9250031,98.9107,13.3698,213.6464
2026-08-19,148,201.7658,192.6226,115.1388,128.8792,155.4797,237.9795,286.6706,318.4218,64.2745,56.7291,643.7651,100.9250031,99.9166,14.0835,215.5034
2026-08-20,149,202.6512,193.527,115.2188,129.0701,156.2095,238.9885,288.5514,320.6174,64.7552,59.2892,691.3702,100.9250031,100.7939,14.1628,217.6789
2026-08-21,150,203.7099,194.574,115.4149,129.4307,156.6033,240.3219,289.5794,322.5672,65.2906,59.0733,720.2467,100.9250031,101.8428,14.3571,219.6108
2026-08-24,151,204.6319,195.2682,115.5925,129.9237,157.6977,241.2304,291.5563,324.395,65.8644,59.8582,753.6126,100.9250031,102.7564,14.5331,221.4218
2026-08-25,152,205.6333,196.3028,115.6137,129.7019,158.0711,242.8956,293.491,325.0786,66.2037,60.5577,776.152,100.9250031,103.7486,14.5541,222.0992
2026-08-26,153,206.5661,196.9371,116.4644,130.7485,158.963,243.8686,294.2677,327.1096,66.7489,61.6583,809.1005,100.9250031,104.6729,15.397,224.1116
2026-08-27,154,207.524,197.736,116.9433,131.2563,159.395,244.7254,295.8373,329.1602,67.3223,61.5202,852.0838,100.9250031,105.622,15.8715,226.1434
2026-08-28,155,208.5674,198.8374,117.2414,131.4416,159.765,245.743,297.7928,331.6168,67.9535,63.371,857.2764,100.9250031,106.6558,16.1669,228.5774
2026-08-31,156,209.5262,199.9099,117.578,131.7422,160.6131,247.193,299.5068,334.9222,68.3859,62.3825,876.3497,100.9250031,107.6058,16.5004,231.8526
2026-09-01,157,210.5471,200.326,117.6907,132.226,161.3154,248.8114,300.6801,335.9318,68.9621,63.4021,914.6279,100.9250031,108.6174,16.612,232.8529
2026-09-02,158,211.578,201.2457,118.061,132.839,161.4503,250.3242,302.2153,338.7595,69.582,63.2398,894.0009,100.9250031,109.6388,16.9789,235.6547
2026-09-03,159,212.5707,202.0217,118.5202,133.4372,162.2381,251.1026,304.9447,340.4312,70.082,63.4745,908.7133,100.9250031,110.6224,17.4339,237.3111
2026-09-04,160,213.6356,203.1547,118.5115,134.0625,162.5962,252.2386,305.9827,342.0736,70.8201,63.0201,917.1932,100.9250031,111.6776,17.4253,238.9384
2026-09-07,161,214.6896,204.2217,118.7397,134.1951,163.3409,253.4807,308.5229,344.5023,71.5588,62.6445,938.945,100.9250031,112.7219,17.6514,241.3448
2026-09-08,162,215.6501,205.4576,118.9078,134.3831,163.9876,255.0507,309.3149,347.9148,72.169,61.9249,963.86,100.9250031,113.6736,17.818,244.7261
2026-09-09,163,216.692,206.1382,119.2671,134.6639,164.2656,255.9972,311.1507,350.1758,72.7844,63.1174,1011.6981,100.9250031,114.706,18.174,246.9664
2026-09-10,164,217.7918,206.8708,119.1886,134.6022,164.8124,257.6942,313.7936,353.6831,73.4956,61.1924,948.8116,100.9250031,115.7957,18.0962,250.4415
2026-09-11,165,218.7734,208.0035,119.2355,134.9492,165.7123,258.8177,315.5679,356.4692,74.0555,62.0901,948.6509,100.9250031,116.7683,18.1427,253.2021
2026-09-14,166,219.9392,209.2177,119.3943,136.0881,166.1858,260.1678,317.5255,359.1481,74.7149,63.3411,954.6485,100.9250031,117.9234,18.3,255.8564
2026-09-15,167,220.9935,210.2552,119.2798,136.0804,166.8481,261.3468,319.9136,361.2451,75.305,63.4532,967.6893,100.9250031,118.968,18.1866,257.9342
2026-09-16,168,222.0325,211.4027,119.9113,136.4872,167.4173,262.7597,321.5451,364.3923,75.9347,61.7026,981.9343,100.9250031,119.9975,18.8123,261.0526
2026-09-17,169,223.0408,211.8278,120.4004,137.1359,168.129,263.5806,323.3176,365.553,76.5454,63.388,991.9402,100.9250031,120.9966,19.2969,262.2026
2026-09-18,170,224.1018,213.2688,121.1073,137.6323,168.7661,264.6386,325.8716,367.3113,77.1745,62.4309,964.499,100.9250031,122.0479,19.9973,263.9448
2026-09-21,171,225.1915,213.8068,121.7378,138.268,169.2119,266.7221,327.5675,368.952,77.8198,61.2732,1002.7333,100.9250031,123.1276,20.622,265.5705
2026-09-22,172,226.2359,214.7559,121.5903,138.7459,170.0422,267.8016,329.7791,370.5694,78.338,62.3435,993.2804,100.9250031,124.1624,20.4759,267.173
2026-09-23,173,227.1922,215.7001,122.2135,139.0824,170.3902,269.4029,330.8841,372.4131,78.8816,59.2526,1007.8492,100.9250031,125.1099,21.0934,268.9998
2026-09-24,174,228.2297,216.231,122.6676,139.0535,171.2435,270.9567,332.396,374.1819,79.4957,62.7822,1002.3634,100.9250031,126.1379,21.5433,270.7524
2026-09-25,175,229.3355,217.1862,123.4529,139.8944,171.8159,271.5658,336.1289,376.9671,80.0893,62.1174,968.9409,100.9250031,127.2336,22.3214,273.5121
2026-09-28,176,230.3658,218.1723,124.0235,139.8845,172.5692,273.5875,337.7803,379.0214,80.5909,61.5622,936.573,100.9250031,128.2544,22.8868,275.5476
2026-09-29,177,231.4226,218.7783,124.2119,140.8417,173.4555,275.7843,339.0445,380.2781,81.0692,61.7868,902.2246,100.9250031,129.3016,23.0735,276.7928
2026-09-30,178,232.5586,220.1811,124.3461,141.177,174.2574,277.2232,341.2962,381.7019,81.6606,60.5119,900.3793,100.9250031,130.4271,23.2064,278.2035
2026-10-01,179,233.6551,220.6061,125.1113,141.86,174.5651,278.1976,341.8795,384.8312,82.2686,59.9077,931.081,100.9250031,131.5136,23.9646,281.3041
2026-10-02,180,234.8141,221.4308,125.3983,141.8697,175.623,280.0788,343.3803,386.2089,82.9833,60.6894,916.9049,100.9250031,132.662,24.249,282.6692
2026-10-05,181,235.8802,222.2915,126.0442,142.4585,176.573,281.4718,345.1173,390.4249,83.6482,60.8275,924.3205,100.9250031,133.7183,24.889,286.8466
2026-10-06,182,236.993,223.6495,126.4854,142.9795,177.0568,283.4624,347.0271,392.6557,84.2378,61.9143,945.4344,100.9250031,134.8209,25.3261,289.0569
2026-10-07,183,238.0064,224.6207,126.6186,143.5318,177.7961,284.5842,348.6913,395.1732,84.6385,62.7057,955.4027,100.9250031,135.825,25.4581,291.5513
2026-10-08,184,239.1515,225.6593,127.2279,144.0436,178.3368,285.4888,350.2094,398.0213,85.3177,61.8988,965.1174,100.9250031,136.9596,26.0618,294.3733
2026-10-09,185,240.3793,227.0563,127.2893,144.2722,179.0343,286.4202,353.1941,399.3477,86.0824,60.6871,993.0486,100.9250031,138.1762,26.1227,295.6876
2026-10-12,186,241.5856,227.672,127.6852,144.9623,180.002,287.7702,356.2434,401.7361,86.774,59.2464,1046.1606,100.9250031,139.3714,26.5149,298.0541
2026-10-13,187,242.7268,229.3763,128.1192,145.4355,180.4269,289.2813,357.1954,404.5856,87.3872,57.9525,1099.3175,100.9250031,140.5021,26.945,300.8775
2026-10-14,188,243.8977,229.6602,128.3315,145.6927,180.8564,291.0164,359.6527,405.6096,87.9604,57.2228,1057.5094,100.9250031,141.6623,27.1553,301.8921
2026-10-15,189,245.01,230.905,128.6011,146.1213,181.4653,292.6978,360.058,409.1003,88.6184,59.4278,1077.8359,100.9250031,142.7644,27.4224,305.3508
2026-10-16,190,246.1936,231.7241,128.997,146.7678,182.4886,293.7036,362.299,413.1225,89.4205,60.019,1080.5643,100.9250031,143.9372,27.8147,309.3361
2026-10-19,191,247.2677,233.0005,129.4848,146.8601,183.5865,295.0389,364.5269,415.4881,90.0142,61.5553,1076.6883,100.9250031,145.0014,28.298,311.68
2026-10-20,192,248.4825,234.0259,129.5931,147.4653,183.4184,296.3641,366.3387,418.3885,90.7511,63.0616,1066.0197,100.9250031,146.2051,28.4053,314.5539
2026-10-21,193,249.698,235.2197,130.199,148.2814,184.1905,298.8229,369.7428,419.5918,91.4055,61.2095,1029.4619,100.9250031,147.4095,29.0057,315.7461
2026-10-22,194,250.9011,236.4601,130.7822,148.8743,184.8241,300.0799,371.6226,423.1408,92.0364,60.7336,996.7675,100.9250031,148.6015,29.5835,319.2626
2026-10-23,195,252.2293,237.6236,130.7234,148.833,185.73,301.2692,373.6815,425.815,92.8159,61.1836,1027.2907,100.9250031,149.9176,29.5253,321.9123
2026-10-26,196,253.4348,238.9521,130.7455,149.1754,186.4149,303.2423,376.4914,426.5531,93.6946,63.6705,1055.5841,100.9250031,151.112,29.5472,322.6436
2026-10-27,197,254.643,240.0586,131.4838,149.9192,187.2233,304.699,376.6948,428.57,94.3209,62.0252,1091.6506,100.9250031,152.3091,30.2787,324.642
2026-10-28,198,255.8237,241.1551,131.3251,150.2144,187.9003,306.1157,379.0806,431.2324,94.9464,61.9862,1025.3084,100.9250031,153.479,30.1215,327.28
2026-10-29,199,257.0979,242.3372,132.2332,151.3054,188.4134,307.4649,381.5443,434.3345,95.6422,60.8372,1040.6134,100.9250031,154.7415,31.0212,330.3537
2026-10-30,200,258.2213,243.3867,133.0254,152.3134,189.3343,309.1672,383.1876,435.63,96.2161,61.5394,1035.6884,100.9250031,155.8546,31.8062,331.6373
2026-11-02,201,259.3741,244.5372,133.0363,153.0409,190.391,310.6263,384.9272,439.9157,96.7449,62.4972,991.4896,100.9250031,156.9969,31.817,335.8838
2026-11-03,202,260.5994,244.991,133.798,153.0062,190.8931,312.7357,387.0343,442.6284,97.5004,63.5424,1000.3675,100.9250031,158.2109,32.5717,338.5716
2026-11-04,203,261.7745,246.8315,133.9861,153.4125,191.9568,313.8074,389.2621,444.037,98.1041,64.1405,1017.4861,100.9250031,159.3753,32.7581,339.9673
2026-11-05,204,263.0352,248.0161,134.8382,153.9526,192.8191,314.1711,391.9444,444.526,98.9179,66.1181,1047.7608,100.9250031,160.6244,33.6024,340.4518
2026-11-06,205,264.204,248.8279,135.4358,154.2329,193.111,316.589,395.3309,446.7576,99.6886,68.3021,1030.8081,100.9250031,161.7825,34.1945,342.663
2026-11-09,206,265.4203,249.249,135.8355,154.8068,193.9284,318.2989,396.8183,451.3278,100.4162,66.409,1034.8361,100.9250031,162.9877,34.5905,347.1913
2026-11-10,207,266.753,250.3058,135.8609,155.2593,194.8167,319.9493,399.2575,453.1893,101.1002,64.0271,1011.1554,100.9250031,164.3081,34.6157,349.0357
2026-11-11,208,268.0293,251.3488,136.3747,155.6521,195.1534,321.9597,402.9725,456.9442,101.9114,66.3477,1031.4043,100.9250031,165.5727,35.1248,352.7562
2026-11-12,209,269.3261,252.3623,136.4066,156.5393,195.6215,323.1744,404.2339,461.0867,102.6995,65.1296,1039.1067,100.9250031,166.8577,35.1564,356.8607
2026-11-13,210,270.6068,253.5932,137.4494,157.4536,196.7685,324.5311,407.2971,462.3961,103.4238,65.6081,1007.7582,100.9250031,168.1266,36.1896,358.1581
2026-11-16,211,271.7895,254.8339,137.5578,158.0205,197.5955,326.4869,408.3989,466.2124,103.9897,65.6487,970.9555,100.9250031,169.2985,36.297,361.9394
2026-11-17,212,273.1559,255.7487,137.7094,158.4302,198.0583,328.3434,412.9455,469.9254,104.8197,65.5597,988.5165,100.9250031,170.6524,36.4473,365.6184
2026-11-18,213,274.44,257.4464,138.0859,158.7557,198.6839,329.5051,412.5521,472.372,105.6107,64.9688,992.9849,100.9250031,171.9247,36.8203,368.0426
2026-11-19,214,275.6421,258.3905,139.322,159.4185,199.2775,331.3465,415.8505,475.6905,106.3926,65.4969,981.9643,100.9250031,173.1158,38.0451,371.3307
2026-11-20,215,276.9549,259.3275,139.1968,159.4661,200.4931,332.8963,418.8739,476.9277,107.2295,65.5424,956.3793,100.9250031,174.4165,37.921,372.5565
2026-11-23,216,278.3636,260.8002,140.0298,160.3518,201.2387,334.8228,419.3323,481.3704,108.3147,68.788,1002.5851,100.9250031,175.8123,38.7464,376.9585
2026-11-24,217,279.7597,261.7875,140.4288,160.9048,202.0027,336.5985,422.0712,483.1815,109.1041,67.1526,1010.7885,100.9250031,177.1956,39.1417,378.753
2026-11-25,218,281.0372,262.6271,140.5224,161.0602,202.7326,337.4927,425.4728,485.3927,109.7971,65.6666,1038.968,100.9250031,178.4614,39.2345,380.944
2026-11-26,219,282.5096,263.7407,140.7802,161.7075,202.9252,339.6238,428.2539,487.6936,110.5335,65.8346,1067.2268,100.9250031,179.9203,39.4899,383.2238
2026-11-27,220,283.8439,264.6213,141.4402,162.3674,203.7983,341.1907,430.5905,493.0449,111.3286,68.0057,1061.9249,100.9250031,181.2424,40.1439,388.526
2026-11-30,221,285.1852,266.1554,141.8809,162.4457,204.9039,343.2783,432.6592,497.2336,112.0977,69.2658,1119.5023,100.9250031,182.5714,40.5805,392.6763
2026-12-01,222,286.6293,267.374,141.8436,162.6548,206.0922,346.3507,436.1193,501.0192,113.0554,69.3489,1135.9173,100.9250031,184.0023,40.5436,396.4272
2026-12-02,223,288.0234,268.2434,142.5856,163.261,206.8108,347.4009,438.1762,503.2993,113.6954,71.0806,1090.1677,100.9250031,185.3836,41.2788,398.6864
2026-12-03,224,289.4124,269.6599,142.5714,163.7689,207.9771,348.8507,439.0128,505.0515,114.4953,72.9606,1069.3607,100.9250031,186.7599,41.2647,400.4226
2026-12-04,225,290.8507,270.247,143.5415,164.0037,208.2987,350.5122,442.1497,509.4822,115.4207,72.6103,1081.3638,100.9250031,188.185,42.2259,404.8127
2026-12-07,226,292.1461,271.6135,142.9905,164.6535,209.0079,351.6973,446.3062,515.3264,116.2641,71.8257,1041.6701,100.9250031,189.4685,41.68,410.6033
2026-12-08,227,293.5545,272.7668,144.7563,165.3694,209.6371,353.3411,447.4489,516.7491,117.0671,71.1089,1103.0798,100.9250031,190.864,43.4296,412.013
2026-12-09,228,294.9607,273.6323,145.2769,165.9891,210.7632,355.0916,448.8357,520.1478,117.8687,69.1414,1115.5894,100.9250031,192.2573,43.9454,415.3805
2026-12-10,229,296.4077,275.3256,145.0295,166.0782,211.6907,356.0426,452.8055,521.2135,118.909,70.2786,1132.966,100.9250031,193.691,43.7003,416.4364
2026-12-11,230,297.8739,276.3924,144.9951,167.5827,212.6451,357.8118,455.7184,524.615,119.7447,69.2296,1172.0054,100.9250031,195.1438,43.6662,419.8068
2026-12-14,231,299.3147,277.4265,145.8424,168.0676,213.8095,360.2394,457.3556,525.9798,120.6418,70.6276,1151.1933,100.9250031,196.5714,44.5057,421.1591
2026-12-15,232,300.7463,279.0786,146.329,168.4944,214.5705,362.6455,459.6114,528.0425,121.4912,73.4604,1097.6362,100.9250031,197.9899,44.9879,423.2029
2026-12-16,233,302.1742,279.9787,146.3628,169.0233,215.2006,364.9336,464.2049,532.3029,122.568,72.8319,1189.4832,100.9250031,199.4047,45.0213,427.4242
2026-12-17,234,303.642,281.3401,146.9036,169.1864,216.0885,366.4701,467.3426,538.4462,123.3797,70.3793,1199.8359,100.9250031,200.859,45.5572,433.5112
2026-12-18,235,305.0903,282.6778,147.3365,169.6399,216.9646,368.1174,469.0651,539.8997,124.2011,67.8048,1173.0192,100.9250031,202.2941,45.9861,434.9514
2026-12-21,236,306.5758,283.4274,148.0048,170.006,217.0332,370.4176,472.0607,545.1146,125.1365,67.5877,1178.4912,100.9250031,203.766,46.6483,440.1185
2026-12-22,237,308.2566,285.0706,148.7712,171.3671,218.0989,371.9654,475.8282,548.8362,126.3872,69.478,1174.458,100.9250031,205.4314,47.4077,443.806
2026-12-23,238,309.7202,286.4584,149.1873,171.5845,218.9175,373.6454,477.5596,551.4955,127.4511,71.5775,1223.9387,100.9250031,206.8815,47.82,446.4409
2026-12-24,239,311.1947,287.6332,149.7727,172.3237,219.3074,375.5493,480.2853,551.8044,128.4506,68.9567,1258.7443,100.9250031,208.3425,48.4,446.747
2026-12-25,240,312.6584,288.8997,149.8266,173.3787,220.2365,377.2188,483.6365,558.7138,129.211,68.3468,1270.8145,100.9250031,209.7928,48.4534,453.593
2026-12-28,241,314.2198,289.9256,150.6099,173.9661,221.115,380.0225,486.5603,561.7472,130.3098,67.9862,1249.8409,100.9250031,211.3399,49.2295,456.5986
2026-12-29,242,315.8525,291.4185,150.2315,174.3493,222.0506,381.4857,490.8918,565.6675,131.2892,68.5567,1283.3688,100.9250031,212.9576,48.8546,460.483
2026-12-30,243,317.3454,292.6751,150.6859,175.5347,223.1716,384.0469,492.9925,566.2917,132.3141,70.5291,1274.3828,100.9250031,214.4368,49.3048,461.1015
2026-12-31,244,318.9219,294.2023,151.5546,175.4762,224.0185,385.387,496.7809,569.7878,133.1956,68.4827,1326.8375,100.9250031,215.9989,50.1656,464.5656
2027-01-01,245,320.4242,295.149,152.0326,175.841,224.879,388.212,498.5575,575.127,134.1511,66.2041,1338.9512,100.9250031,217.4874,50.6392,469.8558
2027-01-04,246,321.909,296.943,152.5077,176.4828,225.7255,389.558,501.0612,574.4588,135.054,68.8248,1380.4867,100.9250031,218.9586,51.1099,469.1937
2027-01-05,247,323.3609,298.0629,152.7975,177.0528,226.5939,391.7374,502.6099,577.6963,135.849,69.1579,1347.6921,100.9250031,220.3972,51.3971,472.4016
2027-01-06,248,324.7795,300.1252,153.0611,176.9806,227.1638,394.4563,503.68,581.8096,137.0067,72.027,1359.8287,100.9250031,221.8028,51.6583,476.4772
2027-01-07,249,326.2415,301.1234,154.1177,177.6966,228.0169,395.5639,506.7781,586.1782,137.7329,75.8327,1396.4052,100.9250031,223.2514,52.7052,480.8057
2027-01-08,250,327.7254,301.9108,154.5908,178.4546,228.9956,398.3541,509.1892,590.9982,138.43,75.9761,1338.7154,100.9250031,224.7217,53.1739,485.5816
2027-01-11,251,329.3278,303.6353,154.6346,178.8164,230.04,399.3654,511.8584,593.0097,139.4266,76.2611,1333.9202,100.9250031,226.3094,53.2173,487.5746
2027-01-12,252,330.8811,304.9011,155.5288,179.3333,230.9535,401.5426,515.0041,595.3415,140.2913,73.877,1398.022,100.9250031,227.8485,54.1033,489.885
